ranking,codigo_comuna,nombre_comuna,region,poblacion,tasa_pobreza_ing,tasa_pobreza_mult,emision_tox_total,emision_tox_pc,cai,cai_mult,quintil,quintil_label
1,02103,Sierra Gorda,Antofagasta,1807,0.1419055250142624,0.1654250763862726,10859.216300771146,6.009527559917624,100,99.99999999999999,5,Q5 · Muy alto
2,02102,Mejillones,Antofagasta,15950,0.140420258758358,0.2870207002826101,9723.007644693249,0.609592955780141,59.40862746342156,61.28499719785462,5,Q5 · Muy alto
3,12103,Río Verde,Magallanes,205,0.002690990514408119,0.1876888642507431,85.66072337936068,0.41785718721639353,50.72921608064859,53.412690186916016,5,Q5 · Muy alto
4,03304,Huasco,Atacama,11611,0.236585617375299,0.2220797537641351,3250.320921484254,0.2799346241912199,47.51840107723368,47.149009269646804,5,Q5 · Muy alto
5,02201,Calama,Antofagasta,196282,0.1722528990002982,0.2041430849533258,36927.76142798984,0.1881362602173905,40.12311778279283,40.40708558322132,5,Q5 · Muy alto
6,01405,Pica,Tarapacá,6313,0.3136726423148132,0.1786886262832318,1035.7404737991337,0.16406470359561756,39.75414123990756,37.88957547907022,5,Q5 · Muy alto
7,12104,San Gregorio,Magallanes,649,0.07232357291496598,0.1647053882183992,99.17267661824965,0.15280843854892087,35.43493318180518,36.587910026959285,5,Q5 · Muy alto
8,10107,Llanquihue,Los Lagos,18880,0.1268444594041169,0.1645141428671159,2469.0033800737633,0.13077348411407644,33.80437053287189,34.18197241237052,5,Q5 · Muy alto
9,12302,Primavera,Magallanes,672,0.03488479479632718,0.1089737723993703,87.45006828235128,0.13013403018207037,32.44154941408532,33.36454201841754,5,Q5 · Muy alto
10,01404,Huara,Tarapacá,3111,0.3987214229253472,0.3456864073776927,218.3473847308542,0.0701855945775809,27.82316327157097,27.1787705950497,5,Q5 · Muy alto
11,05105,Puchuncaví,Valparaíso,21325,0.1406234709854404,0.2537835727894447,1608.0206328002957,0.07540542240564106,25.977590278692585,27.192731130891033,5,Q5 · Muy alto
12,13303,Tiltil,Metropolitana,22546,0.1373041147879481,0.2126204141339017,1663.6645129286453,0.07378978590120844,25.64079222142816,26.427185404819497,5,Q5 · Muy alto
13,07105,Maule,Maule,69826,0.2434464933137382,0.1271739219563442,4631.880388568828,0.06633460872123317,25.405110736516235,23.997657019531676,5,Q5 · Muy alto
14,05702,Catemu,Valparaíso,15765,0.1769920706589737,0.2160043978356258,904.3527891212817,0.057364591761578286,22.749238976693615,23.087813513998892,5,Q5 · Muy alto
15,10103,Cochamó,Los Lagos,3932,0.2246817217249981,0.1587305473843305,200.79343953910322,0.051066490218490135,21.771305424898532,21.001368065434807,5,Q5 · Muy alto
16,11202,Cisnes,Aysén,5876,0.1654267670971914,0.1087832075326994,247.1239949573644,0.04205650016292791,18.809226147246942,18.166643223987478,5,Q5 · Muy alto
17,01101,Iquique,Tarapacá,232455,0.1617454423432433,0.1854500063433278,8961.443137972212,0.03855130299615931,17.773805128878337,17.937211369279897,5,Q5 · Muy alto
18,09202,Collipulli,La Araucanía,26591,0.3071311994782994,0.1408582363911995,833.6683503759534,0.031351523085854364,16.787551097306093,15.28674582315783,5,Q5 · Muy alto
19,12201,Cabo De Hornos,Magallanes,1964,0.08984459305703967,0.001372285344752708,60.81981136451909,0.03096731739537632,14.750515361222579,13.863515815658442,5,Q5 · Muy alto
20,01401,Pozo Almonte,Tarapacá,18811,0.2109652735213383,0.193845100348277,503.50773891480685,0.02676666519136712,14.34752231706959,14.155467844231744,5,Q5 · Muy alto
21,10401,Chaitén,Los Lagos,5083,0.1659821132342835,0.08849769530380662,139.5332534764629,0.02745096468157838,14.223199972351432,13.508374958274612,5,Q5 · Muy alto
22,12303,Timaukel,Magallanes,261,0.04756557111052318,0.03565982321317278,7.757107692902712,0.029720719129895448,13.953065008187352,13.79199854083429,5,Q5 · Muy alto
23,16206,Ránquil,Ñuble,6292,0.2620235196044827,0.2220317993276604,147.84707417544317,0.02349762780919313,13.485642860319585,13.134399469813381,5,Q5 · Muy alto
24,09103,Cunco,La Araucanía,18073,0.3297412598351657,0.1769066890538165,364.1860312915063,0.020150834465307715,12.546635702856515,11.435375736031258,5,Q5 · Muy alto
25,10403,Hualaihué,Los Lagos,9590,0.2452431864765493,0.2045766435105611,185.615421667561,0.019355101320913556,11.614798236404603,11.291870615034872,5,Q5 · Muy alto
26,11203,Guaitecas,Aysén,1612,0.1816366655973875,0.204054126013951,26.96222659142782,0.016725947017014776,10.004666306863635,10.112719745157918,5,Q5 · Muy alto
27,08102,Coronel,Biobío,129209,0.2130078108708781,0.184671927191228,1896.809476428892,0.014680165285923518,9.228316479638043,9.025892807808017,5,Q5 · Muy alto
28,11201,Aysén,Aysén,25173,0.1356250934421611,0.1221246231468676,373.243129406014,0.014827121495491757,8.831068634269926,8.716059702354684,5,Q5 · Muy alto
29,02203,San Pedro De Atacama,Antofagasta,11067,0.2097837486814921,0.167679004438092,147.7269993672807,0.01334842318309214,8.543061996313002,8.274548880445888,5,Q5 · Muy alto
30,10210,Quinchao,Los Lagos,8169,0.2009003638000701,0.1893062617426051,108.42043332042293,0.01327217937574035,8.454341157418277,8.358550514511803,5,Q5 · Muy alto
31,05502,Calera,Valparaíso,53921,0.2006083264641605,0.1772545638439708,704.709553830192,0.013069296819980935,8.349300695700487,8.188967643255001,5,Q5 · Muy alto
32,02301,Tocopilla,Antofagasta,28350,0.2167313488031379,0.2180353160636643,347.88025300058484,0.012270908395082358,8.022503452667104,8.00020368245788,5,Q5 · Muy alto
33,07104,Empedrado,Maule,4168,0.2582660905233725,0.2205568710308885,48.43413236904696,0.011620473217141785,7.888152728174691,7.667714986362334,5,Q5 · Muy alto
34,12402,Torres Del Paine,Magallanes,1081,0.1036204270624883,0.07382828515620045,12.55647742086035,0.011615612785254718,7.083167279474677,6.899195330309255,5,Q5 · Muy alto
35,04301,Ovalle,Coquimbo,124616,0.2345246237825721,0.1789555171009066,1282.5421021959476,0.010291953699331929,7.03122453210143,6.74267875279237,5,Q5 · Muy alto
36,03302,Alto Del Carmen,Atacama,5784,0.2656929148407908,0.2292057657351869,54.83687634616723,0.009480787750028913,6.704926214320838,6.519015393055484,5,Q5 · Muy alto
37,11102,Lago Verde,Aysén,909,0.1505748890487994,0.1571169849545843,9.344859388636864,0.010280373364837034,6.624784715221668,6.632033493773619,5,Q5 · Muy alto
38,11401,Chile Chico,Aysén,5159,0.1802335972699297,0.1477897278877454,51.446125573270216,0.009972111954500915,6.597158100018673,6.421227166059128,5,Q5 · Muy alto
39,02101,Antofagasta,Antofagasta,445152,0.1565889819969566,0.153807957940144,4201.415512453393,0.009438159353329633,6.192191115612705,6.157089452556853,5,Q5 · Muy alto
40,03201,Chañaral,Atacama,13000,0.2133116433289042,0.2100058011725207,112.22754579085675,0.008632888137758211,5.978948149132741,5.943363627754813,5,Q5 · Muy alto
41,10209,Quemchi,Los Lagos,8754,0.2066595929241966,0.2320992264570625,73.29047585846278,0.00837222708001631,5.797389851363162,5.880088841771027,5,Q5 · Muy alto
42,11301,Cochrane,Aysén,3748,0.1351252956966282,0.09884225412752941,27.717098303663967,0.007395170305139799,4.939333317158313,4.7832573340575815,5,Q5 · Muy alto
43,10102,Calbuco,Los Lagos,37686,0.1925725243607721,0.2274313384843153,255.51401415773762,0.006780077858030505,4.7797806140958725,4.884210920226391,5,Q5 · Muy alto
44,10404,Palena,Los Lagos,1829,0.1305384829585363,0.1113575135440814,11.665961239387057,0.006378327632250988,4.319817597921358,4.23905180539475,5,Q5 · Muy alto
45,13604,Padre Hurtado,Metropolitana,82494,0.1500744020171592,0.1789436655496355,497.4310735951018,0.006029906097353769,4.1721667881291005,4.249868824861294,5,Q5 · Muy alto
46,08202,Arauco,Biobío,38962,0.2299293263951287,0.215970926082729,216.37839219253294,0.005553575078089752,4.116054716290539,4.059416848083008,5,Q5 · Muy alto
47,10402,Futaleufú,Los Lagos,2927,0.1731818068302612,0.05939741152238066,16.79003501241114,0.005736260680700765,4.061662273894542,3.69203459247907,5,Q5 · Muy alto
48,05103,Concón,Valparaíso,48392,0.1144885928028133,0.09470274680613502,289.60598543241645,0.0059845839277652595,4.029256633127778,3.950616411539234,5,Q5 · Muy alto
49,09108,Lautaro,La Araucanía,41973,0.2733127880260036,0.158782485090739,205.40004539138005,0.004893623171833799,3.790265235763601,3.46752974666915,5,Q5 · Muy alto
50,13502,Alhué,Metropolitana,7892,0.2320551938381482,0.2024211002993685,38.866678274518016,0.0049248198523210865,3.7003842382551158,3.606576320255639,5,Q5 · Muy alto
51,12401,Natales,Magallanes,24709,0.1211376583261176,0.03735314355311561,128.13329487689867,0.005185693264676785,3.559949675355349,3.304863313339342,5,Q5 · Muy alto
52,03103,Tierra Amarilla,Atacama,14434,0.2359000910757001,0.2956295181301105,67.24173038523604,0.0046585652199830985,3.5286144918774816,3.669395953263184,5,Q5 · Muy alto
53,02104,Taltal,Antofagasta,13974,0.1746850746083982,0.1656117305894579,65.13951083758349,0.004661479235550557,3.3711276684500366,3.3351792619692775,5,Q5 · Muy alto
54,10202,Ancud,Los Lagos,42510,0.180995307942176,0.14729109666673,192.1315281143411,0.004519678384247027,3.2934569033693775,3.1956823789009254,5,Q5 · Muy alto
55,08112,Hualpén,Biobío,98086,0.176411561364126,0.1299672165157391,440.77498365496245,0.004493760410812577,3.2645610441063986,3.13484969504228,5,Q5 · Muy alto
56,16301,San Carlos,Ñuble,57133,0.300434783539184,0.1721245540499649,228.43423032741762,0.003998288735536689,3.215362133928602,2.9118306372962084,5,Q5 · Muy alto
57,02202,Ollagüe,Antofagasta,266,0.09621418536012895,0.07271197298146943,1.2222777010077586,0.0045950289511569875,3.1231731210638958,3.0504507183593077,5,Q5 · Muy alto
58,10207,Queilén,Los Lagos,5542,0.2264337451503691,0.2034660069501652,22.081317797364818,0.003984359039582248,3.0372560485079325,2.9739741240267916,5,Q5 · Muy alto
59,10304,Puyehue,Los Lagos,11824,0.1630369737376415,0.1664323106361023,48.79764444720592,0.004126999699526888,2.987602172081146,2.984729559142708,5,Q5 · Muy alto
60,13505,San Pedro,Metropolitana,12600,0.2221975041400538,0.2980498044573242,48.11301113618764,0.0038184929473164793,2.911220970721202,3.0660657813678935,5,Q5 · Muy alto
61,03303,Freirina,Atacama,7853,0.22966103679366,0.2617377290258352,27.959014045938762,0.0035602972171066803,2.744001672697335,2.800035902306685,5,Q5 · Muy alto
62,10203,Chonchi,Los Lagos,16291,0.1510698524343995,0.1523496694440029,50.286245560358076,0.0030867500804344777,2.2579660556997876,2.2520954494857293,5,Q5 · Muy alto
63,06306,Palmilla,O'Higgins,13626,0.1750081108056593,0.2022817431970463,38.37184538320468,0.002816075545516269,2.111553797788089,2.1498837244301927,5,Q5 · Muy alto
64,08304,Laja,Biobío,23924,0.2255334548600086,0.1517227442466477,64.45091740076123,0.0026939858468801718,2.1071325967451564,1.9797397672873704,5,Q5 · Muy alto
65,10206,Puqueldón,Los Lagos,4182,0.2131410408633067,0.2010478279011423,10.747596937016901,0.002569965790774008,1.9960703408197653,1.9700275420913127,5,Q5 · Muy alto
66,10208,Quellón,Los Lagos,30188,0.1695372990406364,0.1833840061815613,79.92167920277217,0.002647465191558638,1.9830841828934158,1.9980002462966366,5,Q5 · Muy alto
67,15102,Camarones,Arica y Parinacota,1246,0.3113161709364637,0.1669482117081288,2.8687545256749325,0.002302371208406848,1.9362230421125006,1.7266721629180046,5,Q5 · Muy alto
68,10303,Purranque,Los Lagos,20953,0.171962254617738,0.1736826212222157,53.60311834228373,0.002558255063345761,1.923475595389515,1.9191401382355662,5,Q5 · Muy alto
69,08306,Nacimiento,Biobío,28030,0.2000542709784388,0.2219655458674807,66.00247135161354,0.0023547082180382997,1.8182719824184725,1.8430858070193872,5,Q5 · Muy alto
70,14102,Corral,Los Ríos,5417,0.2528838435489524,0.1678043739877625,12.2055640816627,0.0022531962491531663,1.816567760830288,1.6926632250089662,4,Q4 · Alto
71,07304,Molina,Maule,52306,0.2204387677629356,0.1203795734780285,119.97789191376404,0.0022937692026491043,1.8021242006626863,1.65493316840156,4,Q4 · Alto
72,10205,Dalcahue,Los Lagos,15489,0.1956182969343237,0.1839195805315779,36.08679960663512,0.0023298340503993234,1.7936610820496215,1.7704795128776951,4,Q4 · Alto
73,07308,Teno,Maule,31984,0.2065711542081578,0.1502762040260409,73.56224646244358,0.0022999701870448845,1.7872160692233623,1.70144433062074,4,Q4 · Alto
74,10305,Río Negro,Los Lagos,14067,0.1810617933569842,0.1692345459467522,32.735979911517404,0.0023271472177093483,1.7709175182735497,1.7476338784376624,4,Q4 · Alto
75,04204,Salamanca,Coquimbo,29980,0.183018662563549,0.1460306595481619,67.61948094533976,0.002255486355748491,1.7216234958166352,1.6641359848662474,4,Q4 · Alto
76,16102,Bulnes,Ñuble,22755,0.2396052239377107,0.1608095488771132,48.65797411165349,0.002138342083570797,1.7108015772269338,1.600913740031079,4,Q4 · Alto
77,06202,La Estrella,O'Higgins,3095,0.1883612194118134,0.1877547399315969,6.245057230240131,0.0020177890889305754,1.5544568655947175,1.5480398328853633,4,Q4 · Alto
78,03202,Diego De Almagro,Atacama,13862,0.1243541287746523,0.1326966661987995,25.204333560750058,0.0018182321137462168,1.3335477552753126,1.3381920141366277,4,Q4 · Alto
79,07102,Constitución,Maule,50625,0.2206082966315512,0.1712301653765076,75.8036072330351,0.0014973552046031624,1.1968143445348107,1.1457259508642283,4,Q4 · Alto
80,06110,Mostazal,O'Higgins,28659,0.1664066981664609,0.1791075886536986,44.23132790370001,0.0015433660596566529,1.1793893179519392,1.1874760475631216,4,Q4 · Alto
81,07401,Linares,Maule,104212,0.2912733370679468,0.1197264531589338,128.73419576258166,0.001235310672116279,1.0488755787972908,0.9096791666220624,4,Q4 · Alto
82,09114,Pitrufquén,La Araucanía,26653,0.2844980320426931,0.1373583847979025,29.560396263375452,0.0011090832650499176,0.9396318725291671,0.8314138787908772,4,Q4 · Alto
83,10306,San Juan De La Costa,Los Lagos,7407,0.28895597161561293,0.3168389804318126,8.08475011698213,0.0010915012983639977,0.928241825826301,0.9443510382078268,4,Q4 · Alto
84,14201,La Unión,Los Ríos,39711,0.2200738927946698,0.1339985317513124,43.44908127079113,0.0010941321364556706,0.8818986599767819,0.8180892456932269,4,Q4 · Alto
85,05201,Isla De Pascua,Valparaíso,8928,0.1796536732590112,0.07956481767619944,10.050443045852013,0.001125721667322134,0.8774107036768776,0.8016752538327206,4,Q4 · Alto
86,04106,Vicuña,Coquimbo,30614,0.2639153677883109,0.1537605814767299,32.094444968957966,0.00104835842976932,0.875524125089564,0.7979751549681287,4,Q4 · Alto
87,04101,La Serena,Coquimbo,269121,0.182351417440734,0.1319530161273525,294.63519231470787,0.0010948056536454155,0.8557838467818208,0.817138095642807,4,Q4 · Alto
88,02302,María Elena,Antofagasta,6484,0.1445653275307039,0.1475869116817403,7.246992126601553,0.0011176730608577349,0.845970485861595,0.8450638593958367,4,Q4 · Alto
89,10204,Curaco De Vélez,Los Lagos,4139,0.1772824372326581,0.1603443683453647,4.446551993099831,0.0010743058693162193,0.8366085924290635,0.8218403915169574,4,Q4 · Alto
90,07408,Yerbas Buenas,Maule,19856,0.2459940585082941,0.1787979739924485,19.952329412168886,0.0010048514006934372,0.8283837061714496,0.7818119772781761,4,Q4 · Alto
91,11101,Coyhaique,Aysén,62099,0.1369448823682037,0.1163017077752303,67.11173440726729,0.0010807216606912719,0.8132993605597401,0.7959468641255281,4,Q4 · Alto
92,10302,Puerto Octay,Los Lagos,9046,0.1308053113114402,0.2072067604694606,9.604300780335038,0.0010617179726216048,0.7950887060615427,0.8444757187932687,4,Q4 · Alto
93,04203,Los Vilos,Coquimbo,24500,0.2591834293315569,0.2159728533471623,22.979459979243387,9.379371420099342e-4,0.7824118471890585,0.7533655019714177,4,Q4 · Alto
94,09101,Temuco,La Araucanía,310144,0.2415879207985178,0.1301289421393088,291.01127276625186,9.383101809683626e-4,0.7720101803767563,0.7014799456727924,4,Q4 · Alto
95,08110,Talcahuano,Biobío,158065,0.1743731561839394,0.13553487875395,155.16048077146024,9.816245264382389e-4,0.7640941086372826,0.7366444695713563,4,Q4 · Alto
96,12301,Porvenir,Magallanes,7660,0.07136708204271391,0.09910845178527851,7.968290151010101,0.0010402467560065407,0.7392176280007463,0.755201150419503,4,Q4 · Alto
97,13124,Pudahuel,Metropolitana,262158,0.1543926454573937,0.22443644434968,247.1071685493094,9.425887005138481e-4,0.7220740279593284,0.7621826210555476,4,Q4 · Alto
98,06109,Malloa,O'Higgins,14315,0.1839079982166439,0.2217739538875597,12.609289619092232,8.808445420253044e-4,0.6925979915079029,0.7117150926648536,4,Q4 · Alto
99,16109,Yungay,Ñuble,18850,0.2565048384481741,0.1866605477251846,15.499374639195569,8.22247991469261e-4,0.6862898998289558,0.6464586996931643,4,Q4 · Alto
100,04103,Andacollo,Coquimbo,11841,0.2322748501044695,0.2361288755948484,9.170208531826946,7.744454464848362e-4,0.6348392457333862,0.6344714757957864,4,Q4 · Alto
101,10109,Puerto Varas,Los Lagos,51566,0.103659412439827,0.08944744539573303,44.49795786508132,8.629321232029112e-4,0.633566935379335,0.6232709728009905,4,Q4 · Alto
102,13132,Vitacura,Metropolitana,96890,0.008106848721252889,0.02096104787249439,90.7515903139153,9.366455806988884e-4,0.6282424585143145,0.6337970286856003,4,Q4 · Alto
103,16105,Pemuco,Ñuble,8580,0.2479150524132267,0.211524730473881,6.490477000120331,7.564658508298754e-4,0.6280896486497259,0.6078596704585717,4,Q4 · Alto
104,09203,Curacautín,La Araucanía,18205,0.2878953380990852,0.122957655478444,13.244434100005654,7.275162922277206e-4,0.6234856542722524,0.5428495417353619,4,Q4 · Alto
105,12101,Punta Arenas,Magallanes,145984,0.09797105145314812,0.06293105140016499,124.57259169798014,8.53330445103437e-4,0.6234642574669286,0.6016987351548443,4,Q4 · Alto
106,08305,Mulchén,Biobío,31115,0.2450171305311774,0.2096502757975473,22.84201244033678,7.341157782528292e-4,0.6084509002896532,0.589294289363272,4,Q4 · Alto
107,10301,Osorno,Los Lagos,176533,0.1704946686396699,0.1560040179327543,129.35944029786327,7.327776693188427e-4,0.5715770235132086,0.5625550536334448,4,Q4 · Alto
108,03102,Caldera,Atacama,19985,0.2210323068015918,0.2117407651668806,13.678154383052325,6.844210349288128e-4,0.55713293108242,0.5509445471924259,4,Q4 · Alto
109,16101,Chillán,Ñuble,204572,0.1972973315601556,0.1405606054131673,142.321350977249,6.957029846569863e-4,0.5553362232429737,0.5274760492818199,4,Q4 · Alto
110,13203,San José De Maipo,Metropolitana,19586,0.1414137284563619,0.1485088271059595,13.578594752422688,6.932806470143311e-4,0.5279759540978016,0.5292757777738181,4,Q4 · Alto
111,06115,Rengo,O'Higgins,65973,0.1965043915752637,0.170158589916211,43.37634113445508,6.574862615684459e-4,0.52492821322595,0.5116634272324792,4,Q4 · Alto
112,14106,Mariquina,Los Ríos,24059,0.2613009448038708,0.1892790989314411,14.808138535502964,6.154926861258973e-4,0.518111483937314,0.4871447366159271,4,Q4 · Alto
113,06116,Requínoa,O'Higgins,31848,0.1103639991614855,0.1419526568533559,21.886585488467208,6.872200919513693e-4,0.5093878751265614,0.5217638494408617,4,Q4 · Alto
114,10101,Puerto Montt,Los Lagos,281914,0.1472078802815504,0.1614902106530346,186.16577108528364,6.603636963232888e-4,0.5057740148426063,0.5101178509369698,4,Q4 · Alto
115,09205,Lonquimay,La Araucanía,11114,0.4025330409472468,0.2320087317063894,5.947325906629363,5.35120200344553e-4,0.5011317676981021,0.43933725179362104,4,Q4 · Alto
116,10201,Castro,Los Lagos,48818,0.1678175674310783,0.1136733424645523,30.32151824458308,6.211134877418796e-4,0.48454546941794663,0.46068285540133946,4,Q4 · Alto
117,14101,Valdivia,Los Ríos,182507,0.177680689235245,0.1149311712618318,112.27894524600275,6.152035003917809e-4,0.48399579463086884,0.4568636226243663,4,Q4 · Alto
118,16104,El Carmen,Ñuble,12184,0.2969180323133974,0.2111017148471822,6.736249500895488,5.528766826079684e-4,0.4790664901684691,0.4461277132248606,4,Q4 · Alto
119,16205,Portezuelo,Ñuble,4867,0.2435212683993394,0.1933058407983258,2.7626343641387265,5.676257168972111e-4,0.47169323516884953,0.4512342202469198,4,Q4 · Alto
120,16207,Treguaco,Ñuble,5776,0.2299416444619513,0.2175730707444952,3.2692512260400073,5.660060986911369e-4,0.465294101473621,0.4589970738484864,4,Q4 · Alto
121,05404,Petorca,Valparaíso,10635,0.2001817057530264,0.21769439943482571,6.003144760946119,5.644705934128932e-4,0.45295988590942204,0.4578126722517898,4,Q4 · Alto
122,07306,Romeral,Maule,17008,0.2048491635117429,0.08736343982421518,9.53949335779672,5.608827232947272e-4,0.45184519718562194,0.40679481663637806,4,Q4 · Alto
123,10307,San Pablo,Los Lagos,10537,0.2098737547746481,0.1556661071552878,5.878470390466337,5.578884303375094e-4,0.4513139689784035,0.4297630431353989,4,Q4 · Alto
124,14204,Río Bueno,Los Ríos,32980,0.2386952265855025,0.1462276242366858,17.134820329379068,5.195518595930584e-4,0.43056249239043687,0.3973228611018682,4,Q4 · Alto
125,13113,La Reina,Metropolitana,99001,0.05925841165509132,0.06315765769981024,56.29268924363521,5.686072791551116e-4,0.4032625615892003,0.403256822214886,4,Q4 · Alto
126,05101,Valparaíso,Valparaíso,321054,0.2040632246175761,0.2137575351641915,157.7289167806852,4.912846959722826e-4,0.3961342938945194,0.39783476459187544,4,Q4 · Alto
127,08109,Santa Juana,Biobío,14898,0.2420446279966655,0.2259305784698543,7.079650291079799,4.752081011598738e-4,0.39526780846792714,0.3887741837586173,4,Q4 · Alto
128,07405,Retiro,Maule,21522,0.2697763272002528,0.1849859632183681,9.83152064700734,4.568125939507174e-4,0.3885235890742461,0.361518286575875,4,Q4 · Alto
129,13107,Huechuraba,Metropolitana,118805,0.1115309610278001,0.2291974006121766,60.08638734240773,5.057563851892406e-4,0.3766679106754145,0.4145692639402116,4,Q4 · Alto
130,13114,Las Condes,Metropolitana,344516,0.02774396990599451,0.04902937268873177,187.8917456995388,5.453788668727688e-4,0.3755711374990042,0.38187177861175275,4,Q4 · Alto
131,09107,Gorbea,La Araucanía,15060,0.3163945653322793,0.1645660634465355,6.214992956748266,4.1268213524224876e-4,0.3641240286206018,0.3213269566896166,4,Q4 · Alto
132,16103,Chillán Viejo,Ñuble,35743,0.2383745770730631,0.1427472279246055,15.483546122870111,4.331910058716423e-4,0.3596115971522694,0.3308878428014456,4,Q4 · Alto
133,14104,Los Lagos,Los Ríos,20517,0.2352002507239358,0.1915107662608012,8.55813715197418,4.171241971035814e-4,0.34552190195012233,0.33219923258734174,4,Q4 · Alto
134,07309,Vichuquén,Maule,4301,0.2346277842693554,0.2451292585303304,1.7895370513570006,4.160746457468032e-4,0.3445025700406822,0.34613982654208686,4,Q4 · Alto
135,05402,Cabildo,Valparaíso,20763,0.1975870252227641,0.1661597520570862,8.806324996389014,4.241354812112418e-4,0.3406772768323734,0.33061094070454544,4,Q4 · Alto
136,07406,San Javier,Maule,51669,0.2583479575033079,0.1462984242371283,20.70750968217692,4.007724105784304e-4,0.3382666861549008,0.30727945411250507,4,Q4 · Alto
137,13125,Quilicura,Metropolitana,277388,0.137324916463244,0.1985776793771434,120.78751664689729,4.354460778652908e-4,0.3322404859996688,0.348686794495064,4,Q4 · Alto
138,08207,Tirúa,Biobío,11116,0.3563498148907595,0.3528932885633088,3.95044537691936,3.553837150881036e-4,0.3234515548643902,0.3214599049044479,4,Q4 · Alto
139,05107,Quintero,Valparaíso,38842,0.1993660186128678,0.2170195527619963,15.024608298671078,3.86813457048326e-4,0.3114146337039496,0.31480794725556244,3,Q3 · Medio
140,09110,Melipeuco,La Araucanía,6326,0.3266613416454278,0.1681796150709417,2.2026837268652373,3.481953409524561e-4,0.3100878787368151,0.27232973387788,3,Q3 · Medio
141,04104,La Higuera,Coquimbo,4537,0.3003310858787466,0.3568611193464397,1.5252883977893286,3.3618875860465697e-4,0.29358818610177206,0.3051284649403375,3,Q3 · Medio
142,13118,Macul,Metropolitana,138598,0.1354839723510347,0.1063307162434714,53.100589576059214,3.831266654357149e-4,0.29217425256393853,0.28369508578907615,3,Q3 · Medio
143,08301,Los Ángeles,Biobío,224170,0.1934222911128374,0.1534716897968827,80.76233482527071,3.602727163548678e-4,0.2887918965169631,0.2781824472958553,3,Q3 · Medio
144,09119,Vilcún,La Araucanía,32948,0.3138039011207597,0.1693658857194964,10.63094419581592,3.2265825530581276e-4,0.2847617013900755,0.2527513056440099,3,Q3 · Medio
145,14203,Lago Ranco,Los Ríos,10271,0.3023123562594887,0.1979516330902258,3.324437935233824,3.2367227487428913e-4,0.28317060249153087,0.25969327618293975,3,Q3 · Medio
146,13404,Paine,Metropolitana,88781,0.1578649741183103,0.2015577580398612,32.17305597373317,3.623867265939015e-4,0.2818858318757802,0.291372230234599,3,Q3 · Medio
147,11402,Río Ibáñez,Aysén,2720,0.2212018003128643,0.1531839362885731,0.9200432978777795,3.38251212455066e-4,0.2775380003407165,0.2612372602143243,3,Q3 · Medio
148,13302,Lampa,Metropolitana,144502,0.1581597382671195,0.257278931819699,51.479741965485744,3.5625625919008557e-4,0.2772237449093644,0.2996572140135654,3,Q3 · Medio
149,04302,Combarbalá,Coquimbo,13839,0.2596858112285561,0.1829386662131013,4.43443348225735,3.2043019598651274e-4,0.2712485511250925,0.2539111589839773,3,Q3 · Medio
150,14105,Máfil,Los Ríos,7377,0.2356813437577218,0.1650646733434584,2.407213430969499,3.263133293980614e-4,0.27096703813589285,0.25466066756477457,3,Q3 · Medio
151,07107,Pencahue,Maule,8631,0.2493233417181683,0.1608918615709756,2.76121585508175,3.199184167630344e-4,0.26860729649513804,0.24881639200698,3,Q3 · Medio
152,09109,Loncoche,La Araucanía,24773,0.3024881795242013,0.1543255882937778,7.488996781060223,3.0230479881565505e-4,0.2646491045942352,0.23388512730225808,3,Q3 · Medio
153,09105,Freire,La Araucanía,25477,0.3141940428807747,0.1896693938001924,7.630674448591453,2.995122835730837e-4,0.264561587818151,0.23878699171983764,3,Q3 · Medio
154,06113,Pichidegua,O'Higgins,21106,0.1642902557963726,0.1906205886889961,7.122437493820189,3.3746031904767314e-4,0.2640841930144207,0.26902873392301535,3,Q3 · Medio
155,16203,Coelemu,Ñuble,16909,0.2272874651166513,0.1769850267786018,5.204323387290756,3.077842206689193e-4,0.25396478421595664,0.24273871757227508,3,Q3 · Medio
156,13128,Renca,Metropolitana,163158,0.1874572117234973,0.2785709532860615,51.52961293807678,3.1582645618404725e-4,0.2521559428291264,0.27037069193858115,3,Q3 · Medio
157,09111,Nueva Imperial,La Araucanía,34173,0.3502508833881766,0.2091730488170644,9.411573294606306,2.754096302521378e-4,0.25004710651916073,0.22326759881150923,3,Q3 · Medio
158,07108,Río Claro,Maule,15172,0.2024507250977597,0.1646475654738993,4.5549266410873415,3.002192618697167e-4,0.24278504109775537,0.2343455595085929,3,Q3 · Medio
159,14103,Lanco,Los Ríos,18095,0.2918303734229072,0.1479057874576952,4.943241612586936,2.7318273625791305e-4,0.23737786908210098,0.21031720228565287,3,Q3 · Medio
160,06112,Peumo,O'Higgins,15036,0.1648950172302811,0.1701036238078096,4.433642373184332,2.9486847387498883e-4,0.23108551217922987,0.23126701182895795,3,Q3 · Medio
161,14202,Futrono,Los Ríos,15180,0.2103079225456956,0.1828516579547135,4.28833224336577,2.824988302612497e-4,0.23002916055400183,0.22402468141478105,3,Q3 · Medio
162,13115,Lo Barnechea,Metropolitana,131555,0.02750346612936718,0.1174836531953549,42.788276785896045,3.252500990908445e-4,0.22487101481468133,0.2435401958148108,3,Q3 · Medio
163,08308,Quilaco,Biobío,4180,0.2589639747910177,0.2187394007193396,1.095829636789193,2.6216020018880216e-4,0.22209886266316528,0.2142619416602064,3,Q3 · Medio
164,06303,Chimbarongo,O'Higgins,38497,0.2086206602244051,0.2018457290953156,10.479399176205604,2.7221339782854776e-4,0.22139828594182265,0.2193631792757422,3,Q3 · Medio
165,06308,Placilla,O'Higgins,9288,0.2045016945430706,0.2152515984612007,2.5118230425863217,2.7043745075218796e-4,0.21921757249131138,0.2203568142919513,3,Q3 · Medio
166,06111,Olivar,O'Higgins,15053,0.1255265599009713,0.1637446403672838,4.3111766905134505,2.863998332899389e-4,0.21694870458952123,0.22345306927027622,3,Q3 · Medio
167,08111,Tomé,Biobío,59176,0.2119395885617928,0.1613397880840772,15.200964185627518,2.568771830746843e-4,0.2095676814291401,0.20013530149352196,3,Q3 · Medio
168,06301,San Fernando,O'Higgins,81345,0.1983228907365896,0.1542584548870295,20.431199264432404,2.5116724155673246e-4,0.2026461464979425,0.1945239221827647,3,Q3 · Medio
169,06105,Doñihue,O'Higgins,23736,0.1570230242376426,0.21200131459506,6.138441695622008,2.5861314861906e-4,0.20146904777752553,0.21021814271324307,3,Q3 · Medio
170,13119,Maipú,Metropolitana,586963,0.1203845683856568,0.1697889108944236,155.31674650604933,2.646107957504124e-4,0.19962398290233863,0.20761710331853322,3,Q3 · Medio
171,08303,Cabrero,Biobío,31129,0.1986810697863266,0.2076041435562514,7.660163936365867,2.460780602128519e-4,0.19862170192550999,0.19936353188679312,3,Q3 · Medio
172,14108,Panguipulli,Los Ríos,36239,0.3230059444416392,0.1930029501981796,8.023829667797983,2.2141421307977547e-4,0.1972576888851778,0.17732202826672377,3,Q3 · Medio
173,13130,San Miguel,Metropolitana,146622,0.1044493137225644,0.09882653482438546,38.39438682971919,2.6185965837131664e-4,0.19476511517707953,0.19307333335222737,3,Q3 · Medio
174,06106,Graneros,O'Higgins,38341,0.1762395076736979,0.1632575628545896,9.156927703935128,2.3882860916343154e-4,0.18921085494462495,0.18645203855767645,3,Q3 · Medio
175,06201,Pichilemu,O'Higgins,18894,0.1913626998734403,0.1496883907903766,4.4002815672499285,2.328930648486254e-4,0.18689277627485412,0.17973106631417288,3,Q3 · Medio
176,09207,Lumaco,La Araucanía,9898,0.3553630180902181,0.2571365623311568,1.9512100081996033,1.971317446150337e-4,0.18000617745819888,0.16641292278841116,3,Q3 · Medio
177,06108,Machalí,O'Higgins,65188,0.1260343669323784,0.1001144795417797,15.300869054918461,2.3471910558566701e-4,0.1780732421864863,0.17336046461932866,3,Q3 · Medio
178,09120,Villarrica,La Araucanía,60815,0.238894756261344,0.1186897047811683,12.8626172837326,2.1150402505521008e-4,0.17655093926249174,0.1589158625831336,3,Q3 · Medio
179,05401,La Ligua,Valparaíso,38443,0.2102107665385966,0.2486369450293819,8.30354263760896,2.15996218755273e-4,0.17612834330527755,0.1810310230462971,3,Q3 · Medio
180,07301,Curicó,Maule,172304,0.2055122715309483,0.1173234680582513,37.18202087453838,2.1579313814269188e-4,0.17528371360716016,0.16192689833481252,3,Q3 · Medio
181,08106,Lota,Biobío,45369,0.1726001619135373,0.1882645329478347,9.839488968721241,2.1687691967469508e-4,0.17137317994710682,0.1730192203589528,3,Q3 · Medio
182,09115,Pucón,La Araucanía,30790,0.2175958935979205,0.08407975464908633,6.3195228220507955,2.052459506999284e-4,0.16841975884579374,0.1494821150367773,3,Q3 · Medio
183,07307,Sagrada Familia,Maule,19779,0.1932704204961036,0.126571655485347,4.124276997037449,2.0851797345858988e-4,0.16768972923256922,0.15778112635227975,3,Q3 · Medio
184,06305,Nancagua,O'Higgins,19779,0.166959959589194,0.1855364901195006,4.177991438861366,2.1123370437642783e-4,0.1661353500977309,0.16815316841680605,3,Q3 · Medio
185,06114,Quinta De Tilcoco,O'Higgins,14328,0.1845608599226625,0.2160303928885157,2.974881102619691,2.0762710096452336e-4,0.16576345671422404,0.16952693784847253,3,Q3 · Medio
186,05301,Los Andes,Valparaíso,68956,0.1754251704550922,0.1262295390768164,14.241621893387947,2.0653201887272968e-4,0.16362722797879026,0.1562376734335924,3,Q3 · Medio
187,13403,Calera De Tango,Metropolitana,30445,0.1130642469149573,0.1951395896911963,6.6361870187335885,2.179729682619014e-4,0.16352992722100565,0.17489059174340102,3,Q3 · Medio
188,05504,La Cruz,Valparaíso,28149,0.1533365588939569,0.09707698422280568,5.85403246318667,2.0796591222376176e-4,0.16167579185949235,0.15326281686954363,3,Q3 · Medio
189,10105,Frutillar,Los Lagos,20866,0.1166162421417313,0.1188094676103859,4.4092135843422575,2.1131091653130726e-4,0.15905755496380922,0.15878833142313517,3,Q3 · Medio
190,13102,Cerrillos,Metropolitana,90197,0.1756994689564681,0.2169848063164608,17.769792787828315,1.9701090710143703e-4,0.15615292584739432,0.1610233410249385,3,Q3 · Medio
191,08101,Concepción,Biobío,239746,0.1537928184637272,0.09030256964883118,47.73641193666569,1.9911244373906422e-4,0.15488348416272965,0.14586219590129243,3,Q3 · Medio
192,06204,Marchihue,O'Higgins,7717,0.1483542685451079,0.1544357726902174,1.5130317876148518,1.960647644958989e-4,0.15180689563673705,0.1520517984192998,3,Q3 · Medio
193,16304,San Fabián,Ñuble,4800,0.2768733363552066,0.1749537532048678,0.8378674174720386,1.7455571197334138e-4,0.15028524056265932,0.137831836733808,3,Q3 · Medio
194,07101,Talca,Maule,242818,0.2437553247364397,0.1235836687742039,42.44338569139668,1.7479505510875092e-4,0.14660306254508254,0.13200789260738888,3,Q3 · Medio
195,10108,Maullín,Los Lagos,14724,0.2514929004781439,0.2710496195765761,2.5352866888207335,1.7218736001227476e-4,0.14531957390098718,0.14704381092075416,3,Q3 · Medio
196,05506,Nogales,Valparaíso,23651,0.2025997037150251,0.2021526050054111,4.1367225266853325,1.749068761018702e-4,0.14186139437295886,0.14129253548081275,3,Q3 · Medio
197,04102,Coquimbo,Coquimbo,277430,0.1972895699503975,0.1867294521314982,48.725175357490755,1.7563052069888171e-4,0.1418194977373365,0.1400616929269966,3,Q3 · Medio
198,15101,Arica,Arica y Parinacota,257875,0.2126821072769308,0.1869403084584447,44.04321452852442,1.707928823209866e-4,0.13969445634645877,0.13624250742326705,3,Q3 · Medio
199,05109,Viña Del Mar,Valparaíso,372180,0.1486742881818571,0.1323985643360141,66.3352010492987,1.7823419057794268e-4,0.1380923791467689,0.13564741652060033,3,Q3 · Medio
200,05102,Casablanca,Valparaíso,30672,0.1239716582408048,0.1716285061249607,5.513056453699309,1.7974232047793782e-4,0.13627289574563267,0.1415110511875996,3,Q3 · Medio
201,05604,El Quisco,Valparaíso,18931,0.1862823649138479,0.1453359379834151,3.186476439244931,1.6832055566240193e-4,0.13469395027712808,0.1295879825336345,3,Q3 · Medio
202,07202,Chanco,Maule,9244,0.3212614732246281,0.2491930189601153,1.3539103574840328,1.464636907706656e-4,0.13055443330256475,0.12300818168157626,3,Q3 · Medio
203,06102,Codegua,O'Higgins,14671,0.1387372381802792,0.1644525120690263,2.4049050580860363,1.6392236780628697e-4,0.1259477119862821,0.12831284927965006,3,Q3 · Medio
204,05606,Santo Domingo,Valparaíso,12673,0.1250206786376477,0.1140319428816871,2.096319148909642,1.654161720910315e-4,0.1255658746267887,0.12389089274048273,3,Q3 · Medio
205,08313,Yumbel,Biobío,22223,0.2375968095281588,0.1961901077508561,3.327696213449685,1.4974108866713248e-4,0.1250430730893957,0.12043338467229193,3,Q3 · Medio
206,09201,Angol,La Araucanía,56845,0.2328580760640908,0.09599999206915752,8.437319708068348,1.4842676942683345e-4,0.12347633217929839,0.10941128880781235,3,Q3 · Medio
207,13123,Providencia,Metropolitana,164397,0.01186509072138874,0.01768920959237288,29.725723287169224,1.808167015649265e-4,0.1234581532748727,0.12371422163274257,3,Q3 · Medio
208,13202,Pirque,Metropolitana,33270,0.1281832133886924,0.1745947776373347,5.340473771026343,1.6051919961004938e-4,0.1222025897462354,0.12674889017797786,2,Q2 · Bajo
209,13402,Buin,Metropolitana,118737,0.1646097619041381,0.178817933777569,18.445553857676433,1.5534798637052e-4,0.12208470814694117,0.1231191174599878,2,Q2 · Bajo
210,06107,Las Cabras,O'Higgins,27805,0.1881431561144725,0.2230748879600221,4.221039751925436,1.5180865858390347e-4,0.12171524911703831,0.1248251323541174,2,Q2 · Bajo
211,09104,Curarrehue,La Araucanía,7882,0.2958817164247078,0.2072908479603288,1.0656962830447283,1.3520632872934894e-4,0.11824532655604589,0.1097851863322909,2,Q2 · Bajo
212,13109,La Cisterna,Metropolitana,101377,0.1220651919220728,0.145045728282446,15.57331411432078,1.536178237107113e-4,0.11633339423042587,0.11827591046698539,2,Q2 · Bajo
213,05701,San Felipe,Valparaíso,87137,0.2030482087829872,0.1613884462813061,12.130819114188872,1.3921547808839956e-4,0.11304594065218915,0.10874578720085068,2,Q2 · Bajo
214,05703,Llaillay,Valparaíso,27350,0.1698332491751251,0.2204592164647058,3.7951085209915276,1.3876082343661892e-4,0.10957643377716492,0.11388727864419661,2,Q2 · Bajo
215,13401,San Bernardo,Metropolitana,349722,0.1779855706321653,0.2536823887729731,48.087447468551176,1.3750192286602267e-4,0.10933971430963148,0.11591956157699415,2,Q2 · Bajo
216,09113,Perquenco,La Araucanía,7272,0.3064914223398557,0.1895629317828136,0.8837960572408505,1.2153411128174512e-4,0.10719138882825635,0.097268491808275,2,Q2 · Bajo
217,13301,Colina,Metropolitana,198872,0.1173723144434191,0.2752722908151962,27.8482294494531,1.4003092164534525e-4,0.10563208116178825,0.12007067939483433,2,Q2 · Bajo
218,05303,Rinconada,Valparaíso,12100,0.1818823672645462,0.1666511633605988,1.5720964400138093,1.2992532562097598e-4,0.10367301191035959,0.10196812295794346,2,Q2 · Bajo
219,03301,Vallenar,Atacama,57316,0.2060472436701399,0.2415637775460664,7.188840777287711,1.254246768317348e-4,0.10213240769314241,0.10474852267053293,2,Q2 · Bajo
220,13127,Recoleta,Metropolitana,197221,0.145440047092941,0.2582226670999557,25.50183111193027,1.2930586049117625e-4,0.10000748352129177,0.10942458299011001,2,Q2 · Bajo
221,13503,Curacaví,Metropolitana,38539,0.1963754560273244,0.2380859931306958,4.751559689005537,1.2329224134008504e-4,0.09959788542354293,0.10268510645941077,2,Q2 · Bajo
222,13601,Talagante,Metropolitana,85851,0.1789169043309905,0.2015868563677483,10.44464617906529,1.2166015747126171e-4,0.09685267172929242,0.09835059558781525,2,Q2 · Bajo
223,09118,Toltén,La Araucanía,9916,0.3764538179133636,0.2007923425743483,1.0123920856941062,1.0209682187314504e-4,0.09490245807508077,0.08251739821676443,2,Q2 · Bajo
224,03101,Copiapó,Atacama,176447,0.1659736139833193,0.1809777577393109,21.22480861431171,1.2028999424366358e-4,0.09471615729079104,0.09558246636973108,2,Q2 · Bajo
225,13111,La Granja,Metropolitana,118915,0.1880928287915723,0.2981144507921698,13.928209428871822,1.1712743916975841e-4,0.09397747858379485,0.1022815791981553,2,Q2 · Bajo
226,05601,San Antonio,Valparaíso,98746,0.2002843559995245,0.1721699080957392,11.426785604103138,1.1571897194927529e-4,0.09380059970319901,0.09127552896101783,2,Q2 · Bajo
227,13602,El Monte,Metropolitana,42437,0.1970595524393886,0.2171549330778936,4.879666613041934,1.1498613504823465e-4,0.09295832924877499,0.09417062798522335,2,Q2 · Bajo
228,05403,Papudo,Valparaíso,6459,0.08908709603573331,0.2310441400866347,0.81230885863735,1.257638734536848e-4,0.092501996328182,0.10414363838006219,2,Q2 · Bajo
229,05304,San Esteban,Valparaíso,21857,0.1506503705011363,0.1254840998767032,2.572003760239901,1.1767414376354947e-4,0.09144706243090686,0.08912626143696215,2,Q2 · Bajo
230,08108,San Pedro De La Paz,Biobío,154158,0.1669004513437169,0.1305887605939359,17.6682812217501,1.1461151040977504e-4,0.09032768811022107,0.08720501653139166,2,Q2 · Bajo
231,06310,Santa Cruz,O'Higgins,42722,0.1846919352869945,0.1660790810515873,4.738393089598953,1.1091224871492329e-4,0.08874887639391406,0.08703984047142391,2,Q2 · Bajo
232,07109,San Clemente,Maule,48176,0.2316813340770903,0.1450487945635699,5.137230285541078,1.0663463727875037e-4,0.08871050265768364,0.08218484003875949,2,Q2 · Bajo
233,07303,Licantén,Maule,6982,0.2368939515712394,0.1316253963642471,0.7269234892852988,1.0411393430038654e-4,0.08698423704009252,0.07930778901652144,2,Q2 · Bajo
234,13106,Estación Central,Metropolitana,222640,0.1553882376639701,0.2297413163410227,24.39192569296228,1.095576971476926e-4,0.08550429813857408,0.09066158888194467,2,Q2 · Bajo
235,05501,Quillota,Valparaíso,101254,0.1837548643286585,0.1504551228011536,10.727245326477833,1.0594391655122596e-4,0.08471580334502059,0.08203834797338985,2,Q2 · Bajo
236,09210,Traiguén,La Araucanía,19237,0.3149821824980044,0.1359201851503116,1.824000711287377,9.481731617650242e-5,0.084224819651256,0.07251404340812442,2,Q2 · Bajo
237,10104,Fresia,Los Lagos,12555,0.2135248198835329,0.2058032101277295,1.2800550199010698,1.019557960892927e-4,0.08357972496329062,0.08274675445275784,2,Q2 · Bajo
238,05603,Cartagena,Valparaíso,27229,0.2806415179848599,0.2432581413571794,2.552312600513756,9.373508393674965e-5,0.08109612456026877,0.07844733842846194,2,Q2 · Bajo
239,06307,Peralillo,O'Higgins,12208,0.1876667348346442,0.2092442576837246,1.227364928532968,1.0053775626908322e-4,0.08066763172667202,0.08183082657918321,2,Q2 · Bajo
240,13501,Melipilla,Metropolitana,149501,0.214079947698438,0.2410221017816633,14.659737044549827,9.805778586464189e-5,0.08042809597594232,0.08190951614423651,2,Q2 · Bajo
241,08204,Contulmo,Biobío,6358,0.2477536497008266,0.257572027907628,0.5905732443017293,9.288663798391464e-5,0.078304398905324,0.07863187015020635,2,Q2 · Bajo
242,08309,Quilleco,Biobío,9987,0.1996825459407763,0.2078342573260323,0.9638248804870064,9.650794838159671e-5,0.07822300108918843,0.07846661569242634,2,Q2 · Bajo
243,08201,Lebu,Biobío,27147,0.2848580630408462,0.2323908402200185,2.425764140134837,8.935661915257071e-5,0.07757018326588869,0.074138219350041,2,Q2 · Bajo
244,11303,Tortel,Aysén,582,0.2229229825363812,0.2329487343412439,0.052957151319068765,9.099166893310785e-5,0.07518694770485099,0.07552605290090841,2,Q2 · Bajo
245,09116,Saavedra,La Araucanía,12646,0.5020560353769538,0.2730568204205824,0.9001935663870191,7.11840555422283e-5,0.07225136080736341,0.06103182096130041,2,Q2 · Bajo
246,08205,Curanilahue,Biobío,33949,0.1647502370493836,0.1564556998022378,2.9675180124973712,8.741105813123719e-5,0.06880467972638725,0.06806689298587916,2,Q2 · Bajo
247,08312,Tucapel,Biobío,15449,0.2214755001335468,0.1695428432224101,1.271341381882062,8.229279447744593e-5,0.06793223434335373,0.06481237550088124,2,Q2 · Bajo
248,16106,Pinto,Ñuble,12207,0.2941929187738907,0.2088814343500786,0.9413512378784189,7.711569082316858e-5,0.06744922034735255,0.06278141064573206,2,Q2 · Bajo
249,05503,Hijuelas,Valparaíso,19503,0.1979639969435748,0.2129440408415869,1.6176053756419888,8.294136161831456e-5,0.06715118597314786,0.06774175054889282,2,Q2 · Bajo
250,07106,Pelarco,Maule,9444,0.2266317905884566,0.1502183998308697,0.7585276951462657,8.031847682616113e-5,0.06658482759828467,0.062216736428058195,2,Q2 · Bajo
251,13201,Puente Alto,Metropolitana,669122,0.1382640140293102,0.2210922028637681,57.63816005074308,8.613998650581371e-5,0.06626698981711047,0.07082073478995554,2,Q2 · Bajo
252,08307,Negrete,Biobío,10594,0.1738789930686657,0.182672497007204,0.8777718373511861,8.285556327649482e-5,0.065735634525161707,0.065986020948845,2,Q2 · Bajo
253,06117,San Vicente,O'Higgins,52436,0.198869327840864,0.1642206739597857,4.240714460422619,8.087410291445988e-5,0.06552992397964773,0.06340767102384381,2,Q2 · Bajo
254,07403,Longaví,Maule,33731,0.2649714955691264,0.1609238779165157,2.5759463563155096,7.636732846092644e-5,0.06529043588243892,0.05971083769881813,2,Q2 · Bajo
255,16201,Quirihue,Ñuble,12251,0.2724630180111543,0.1731527029997954,0.9163747196280031,7.47999934395562e-5,0.06433088806522234,0.05910242506191994,2,Q2 · Bajo
256,09211,Victoria,La Araucanía,35545,0.2816313158915996,0.146620015204514,2.626911412436691,7.390382367243469e-5,0.06401866411312078,0.05707687284644779,2,Q2 · Bajo
257,13126,Quinta Normal,Metropolitana,142124,0.1240671036585016,0.1954145160343668,11.646573670647395,8.19465654685162e-5,0.06226167484689356,0.06596526356690417,2,Q2 · Bajo
258,09209,Renaico,La Araucanía,11015,0.2310246649897232,0.1214789247025652,0.8061540981613369,7.318693582944502e-5,0.06089961838981799,0.05528663028558285,2,Q2 · Bajo
259,04202,Canela,Coquimbo,9498,0.2291452613055831,0.250416241616129,0.6961729252328931,7.329679145429491e-5,0.060897918364914934,0.06172441588166084,2,Q2 · Bajo
260,16303,Ñiquén,Ñuble,11529,0.2504080428369373,0.233380079627123,0.8282001342748992,7.183625069606204e-5,0.060717218840413874,0.059673685299279404,2,Q2 · Bajo
261,13112,La Pintana,Metropolitana,188869,0.2330084331675115,0.368548753433313,13.015890585302202,6.891491237472641e-5,0.0574427534696381,0.06351396300723038,2,Q2 · Bajo
262,13104,Conchalí,Metropolitana,136237,0.1577300105296275,0.2384719554015123,9.950723232311196,7.303979999788013e-5,0.05716447518505316,0.06092182400722247,2,Q2 · Bajo
263,05705,Putaendo,Valparaíso,18029,0.2246102784705906,0.1790743722515923,1.2104891212183078,6.714122365180031e-5,0.055586018293367415,0.05332730492972318,2,Q2 · Bajo
264,07404,Parral,Maule,45668,0.2768564559178319,0.1353241926181908,2.938277030088865,6.433995423685874e-5,0.05553947881695773,0.049211850545739746,2,Q2 · Bajo
265,13129,San Joaquín,Metropolitana,102988,0.1455549157297469,0.2104277049073341,7.321054761610087,7.10864834894365e-5,0.05505386121065134,0.05795474391453831,2,Q2 · Bajo
266,07110,San Rafael,Maule,10444,0.2322833009847912,0.1669882202881502,0.670930601528179,6.424076996631358e-5,0.05352105285558426,0.05050456105559369,2,Q2 · Bajo
267,13101,Santiago,Metropolitana,547366,0.1017250883364201,0.1787197204587609,39.30619504378053,7.180971241140393e-5,0.05348846902126445,0.05701226085673267,2,Q2 · Bajo
268,08310,San Rosendo,Biobío,3548,0.2122235439272235,0.2074155612922957,0.22675210155271078,6.390983696525107e-5,0.052380247504269103,0.05198283431201971,2,Q2 · Bajo
269,16204,Ninhue,Ñuble,5352,0.2873502449851412,0.2343742076429187,0.2995047438454975,5.596127500850103e-5,0.04871309465166012,0.0465410161125109,2,Q2 · Bajo
270,07402,Colbún,Maule,23560,0.2744078024656617,0.1578357036941471,1.2845523479758318,5.452259541493344e-5,0.04698586178406853,0.04253764001508394,2,Q2 · Bajo
271,06104,Coltauco,O'Higgins,22229,0.1838407155510563,0.1986888106697385,1.2541776352284852,5.6420785245781876e-5,0.045168596233044866,0.04556787658543531,2,Q2 · Bajo
272,06101,Rancagua,O'Higgins,275236,0.1823593108778377,0.1900155009058686,15.228765630364574,5.532984649669583e-5,0.04424093898394184,0.04436493753712382,2,Q2 · Bajo
273,09206,Los Sauces,La Araucanía,7470,0.2856372373075927,0.1686421343311611,0.37466696552693585,5.015622028473037e-5,0.04360801119739024,0.039499635356985974,2,Q2 · Bajo
274,09112,Padre Las Casas,La Araucanía,85670,0.2950582394643271,0.2378897774308956,4.059266376021572,4.738258872442596e-5,0.04150080884263951,0.0395263927600355,2,Q2 · Bajo
275,08314,Alto Biobío,Biobío,6798,0.4119382457273274,0.3548543361131946,0.28731846542329614,4.226514642884615e-5,0.04036085152349936,0.03858981998964712,2,Q2 · Bajo
276,08105,Hualqui,Biobío,26783,0.227211443662968,0.1889532364453868,1.28150189484125,4.7847585962784226e-5,0.03971453397889664,0.03833766245645957,2,Q2 · Bajo
277,08107,Penco,Biobío,50214,0.1743910487223831,0.1690484767551391,2.4334853525943196,4.8462288457289194e-5,0.03849474260342593,0.03818028537036353,1,Q1 · Muy bajo
278,09117,Teodoro Schmidt,La Araucanía,15742,0.4099763175311369,0.2450852179667049,0.626623488021274,3.980583712496976e-5,0.03796206077680041,0.033404612267916384,1,Q1 · Muy bajo
279,07407,Villa Alegre,Maule,18084,0.2446366755117756,0.1341938021785966,0.813092163663932,4.4961964369825924e-5,0.03785126594639571,0.03437015134308943,1,Q1 · Muy bajo
280,09106,Galvarino,La Araucanía,12555,0.4266365889919933,0.2449014418760926,0.487092710468414,3.879671130771916e-5,0.037437410859579294,0.03255373239810831,1,Q1 · Muy bajo
281,07305,Rauco,Maule,11811,0.2420275131299039,0.1181232308887555,0.5239758010483228,4.436337321550442e-5,0.03726965192104837,0.033432933528171525,1,Q1 · Muy bajo
282,08203,Cañete,Biobío,37471,0.2915736717623414,0.2690877528397504,1.5536785536743107,4.1463493199389145e-5,0.03622407075992959,0.035464445931589254,1,Q1 · Muy bajo
283,16202,Cobquecura,Ñuble,5225,0.2863184106922655,0.2641870119451519,0.2170250767178368,4.1535899850303694e-5,0.03613976377440508,0.035389261289307576,1,Q1 · Muy bajo
284,08302,Antuco,Biobío,4330,0.301381501598829,0.2004888778440763,0.17618810583727285,4.069009372685285e-5,0.03581874747072948,0.03292404981765405,1,Q1 · Muy bajo
285,05405,Zapallar,Valparaíso,8400,0.09439767222214022,0.2033406836285091,0.4062167352946969,4.835913515413058e-5,0.03579900863252219,0.039215460002194634,1,Q1 · Muy bajo
286,13108,Independencia,Metropolitana,154336,0.1167807676260663,0.1871986850805015,7.093720399898579,4.596283692656658e-5,0.03472202684293921,0.03677477253678483,1,Q1 · Muy bajo
287,09102,Carahue,La Araucanía,25512,0.4057772749679955,0.2385444001762288,0.9181448153111729,3.598874315268003e-5,0.034223115044281036,0.030045508315963254,1,Q1 · Muy bajo
288,09204,Ercilla,La Araucanía,8386,0.32331220375668,0.246497516002769,0.3157979177732653,3.765775313299133e-5,0.033710038967106594,0.0316393684543456,1,Q1 · Muy bajo
289,06309,Pumanque,O'Higgins,3518,0.1798318130867123,0.1614848829573551,0.1474135378709737,4.190265431238593e-5,0.03344316650020908,0.032803710689208856,1,Q1 · Muy bajo
290,16107,Quillón,Ñuble,19358,0.2656307696853841,0.2218473218107778,0.7475051464245438,3.861479214921706e-5,0.03306062800002903,0.03180172371513106,1,Q1 · Muy bajo
291,13603,Isla De Maipo,Metropolitana,42589,0.1618645393881093,0.2124837024242989,1.7450732403013447,4.097474090261205e-5,0.03220567506624041,0.033485111309026226,1,Q1 · Muy bajo
292,04303,Monte Patria,Coquimbo,32670,0.2472273010964079,0.218217551327738,1.1581623326012351,3.545033157640757e-5,0.029912608431794063,0.029111043396369076,1,Q1 · Muy bajo
293,13605,Peñaflor,Metropolitana,107380,0.1570851927414515,0.1699825692168722,3.981144251449733,3.7075286379677154e-5,0.029023444929122844,0.02923983807211675,1,Q1 · Muy bajo
294,07103,Curepto,Maule,9112,0.3015639071303422,0.2459789233677934,0.2983386712550827,3.2741294035895814e-5,0.02883120320349909,0.0275003783126268,1,Q1 · Muy bajo
295,04105,Paiguano,Coquimbo,4715,0.2225248101314325,0.1967205624253779,0.15759194218851788,3.342352962640888e-5,0.027645581843770143,0.026963961314375985,1,Q1 · Muy bajo
296,01403,Colchane,Tarapacá,1553,0.5098500419082236,0.324949208618464,0.041927767574116044,2.6997918592476525e-5,0.027579135169751395,0.024115854281082472,1,Q1 · Muy bajo
297,08206,Los Álamos,Biobío,22992,0.1951938976855341,0.1792285297610069,0.7833345988503672,3.4069876428773795e-5,0.027550267405562497,0.02708355805775017,1,Q1 · Muy bajo
298,06103,Coinco,O'Higgins,8043,0.1882891556102512,0.2315176557205145,0.27315675905616427,3.396204886934779e-5,0.02730460353261178,0.028194101077690367,1,Q1 · Muy bajo
299,13116,Lo Espejo,Metropolitana,100311,0.2201080564700479,0.3451916824952531,3.2316434696342413,3.221624218315281e-5,0.026595098280454813,0.029212615460001097,1,Q1 · Muy bajo
300,07203,Pelluhue,Maule,8474,0.3084658993180948,0.161601493356878,0.25444035925502195,3.0026004160375495e-5,0.02658205363775958,0.023514466266510006,1,Q1 · Muy bajo
301,07302,Hualañé,Maule,10228,0.2521730334410651,0.1478153505325757,0.29512006970627047,2.8854132744062424e-5,0.0244470648806898,0.022329285988110965,1,Q1 · Muy bajo
302,01107,Alto Hospicio,Tarapacá,144554,0.268133526476005,0.2827076227426769,4.041622542048992,2.7959257731013958e-5,0.023991117553428278,0.024178296220246868,1,Q1 · Muy bajo
303,14107,Paillaco,Los Ríos,20955,0.2624743274735581,0.1540817762501128,0.5651523804082935,2.696981056589327e-5,0.023039433492455588,0.020985800391511687,1,Q1 · Muy bajo
304,13103,Cerro Navia,Metropolitana,139237,0.189546282510298,0.3591064921894949,3.936960743378524,2.827524827006129e-5,0.02275948837078291,0.02590665580342993,1,Q1 · Muy bajo
305,08104,Florida,Biobío,11876,0.2464202060732934,0.2631389698154798,0.3082557099873071,2.5956189793474834e-5,0.02189226084916581,0.02210495193933614,1,Q1 · Muy bajo
306,08311,Santa Bárbara,Biobío,14685,0.2351587388383243,0.1860397729604403,0.38039231301936816,2.5903460198799328e-5,0.021650536703015272,0.020714353397822127,1,Q1 · Muy bajo
307,06304,Lolol,O'Higgins,7468,0.2039992556813567,0.2521509416732087,0.19784728686379052,2.6492673656104783e-5,0.0215844464856752,0.022365407664687816,1,Q1 · Muy bajo
308,05302,Calle Larga,Valparaíso,17785,0.1794659144614539,0.128375928333142,0.45889320917529763,2.5802260847641136e-5,0.020594156918082723,0.019630847427603754,1,Q1 · Muy bajo
309,01402,Camiña,Tarapacá,1376,0.4365683545145625,0.3108446377578787,0.026612184082016578,1.934025005960507e-5,0.018802295367458866,0.017095094273665422,1,Q1 · Muy bajo
310,04201,Illapel,Coquimbo,33028,0.1938592793736562,0.1508265841417806,0.7385760479517686,2.2362118443495477e-5,0.018067474188335937,0.01735313303561949,1,Q1 · Muy bajo
311,13110,La Florida,Metropolitana,407437,0.1188613856544326,0.1387546708622292,9.6313934164825,2.363897588211797e-5,0.017899394180259532,0.018151153456512425,1,Q1 · Muy bajo
312,08103,Chiguayante,Biobío,92011,0.1653784774473413,0.08801608583554647,2.0323926593828947,2.208858353221783e-5,0.017421037796164853,0.01620586247128828,1,Q1 · Muy bajo
313,06203,Litueche,O'Higgins,6965,0.1805796377632771,0.1889854540786268,0.14227733958795324,2.0427471584774336e-5,0.016321585228808524,0.016377893336984414,1,Q1 · Muy bajo
314,13120,Ñuñoa,Metropolitana,268328,0.05707169547006522,0.04204902434108525,6.040224594038973,2.2510601182280542e-5,0.016104475764844868,0.015817903100256176,1,Q1 · Muy bajo
315,06302,Chépica,O'Higgins,16177,0.2064485128914015,0.2318246508653113,0.3187743131240995,1.9705403543555633e-5,0.016089752276500054,0.016368211308951643,1,Q1 · Muy bajo
316,05801,Quilpué,Valparaíso,174172,0.1761527479089154,0.09620323630342828,3.486770587393829,2.001912240425458e-5,0.0159355059355281,0.014798650998514525,1,Q1 · Muy bajo
317,05706,Santa María,Valparaíso,17024,0.148901469957542,0.1692712276757831,0.33900736299810214,1.9913496416711825e-5,0.015484345203806715,0.015701381312525145,1,Q1 · Muy bajo
318,13122,Peñalolén,Metropolitana,273246,0.1303055976904234,0.2291968905729081,5.387970337171033,1.971838686447755e-5,0.015084628726719907,0.016344066759346233,1,Q1 · Muy bajo
319,13121,Pedro Aguirre Cerda,Metropolitana,104033,0.2059341897460699,0.2705211173840512,1.900488068632251,1.8268127119589467e-5,0.014910324699504209,0.015651342540901576,1,Q1 · Muy bajo
320,13105,El Bosque,Metropolitana,169555,0.200816224764685,0.2900684932151006,2.7997386592015356,1.651227424258521e-5,0.013420567774591234,0.014365175171604341,1,Q1 · Muy bajo
321,07201,Cauquenes,Maule,44443,0.2837947948264491,0.1525269503337642,0.6569734291495554,1.4782382583298953e-5,0.012845009948781327,0.011490042144626266,1,Q1 · Muy bajo
322,16108,San Ignacio,Ñuble,16594,0.3503393118275493,0.2232607301284518,0.2067272042260565,1.2457948910814541e-5,0.011386793732280373,0.010277946591555525,1,Q1 · Muy bajo
323,10106,Los Muermos,Los Lagos,17833,0.2185020552828013,0.2440696511357392,0.24603815398160392,1.3796789882891489e-5,0.011379322433937696,0.011575714371935927,1,Q1 · Muy bajo
324,05605,El Tabo,Valparaíso,15272,0.2100101213299589,0.145379131580328,0.20828538374007483,1.3638382905976612e-5,0.011170342559410748,0.010535370283505173,1,Q1 · Muy bajo
325,06206,Paredones,O'Higgins,6247,0.25025780013779,0.2480565610345994,0.07063996074015627,1.1307821472731915e-5,0.00957001108331586,0.009518383290296438,1,Q1 · Muy bajo
326,05602,Algarrobo,Valparaíso,16151,0.1301886025509092,0.1426239463756226,0.19753069907767062,1.2230245748106658e-5,0.00935669787140125,0.009425179117239347,1,Q1 · Muy bajo
327,05802,Limache,Valparaíso,51821,0.20349669869211,0.173329914219171,0.5882416555638443,1.1351414591842001e-5,0.009247678105339928,0.008983107387072298,1,Q1 · Muy bajo
328,04304,Punitaqui,Coquimbo,12544,0.256367362631752,0.2562248437736546,0.10985495106235298,8.757569440557476e-6,0.007448344710731431,0.007420383653143433,1,Q1 · Muy bajo
329,09121,Cholchol,La Araucanía,12673,0.4063102612600771,0.2478826029829596,0.09082470808752251,7.1667882969717124e-6,0.00682295962778385,0.006032405280833364,1,Q1 · Muy bajo
330,13117,Lo Prado,Metropolitana,101727,0.1630161746443841,0.252068489026623,0.8485244981888211,8.341192585929214e-6,0.006567257866791287,0.007044273064952213,1,Q1 · Muy bajo
331,09208,Purén,La Araucanía,12096,0.3589108197859409,0.1713467306514615,0.08134880016690105,6.725264564062587e-6,0.006186928351376577,0.005313684380877813,1,Q1 · Muy bajo
332,05804,Villa Alemana,Valparaíso,148166,0.1565163299911436,0.1156442872529109,1.1442729554262143,7.722911838250437e-6,0.006046572950772877,0.0058116801187036325,1,Q1 · Muy bajo
333,16302,Coihueco,Ñuble,29122,0.238669905485044,0.2204132673164531,0.20283067863060644,6.964860882858542e-6,0.005840458877120729,0.0057334389620846945,1,Q1 · Muy bajo
334,05704,Panquehue,Valparaíso,7868,0.1528452562851857,0.1982460757831184,0.0584145619899846,7.424321554395602e-6,0.0057943841512401876,0.00600060969455515,1,Q1 · Muy bajo
335,15201,Putre,Arica y Parinacota,2177,0.2990190001829216,0.1823027209199931,0.011333893854685483,5.206198371467838e-6,0.004578575532646804,0.004152067291017368,1,Q1 · Muy bajo
336,13131,San Ramón,Metropolitana,83351,0.1973126866085688,0.3038576355396603,0.4287622741773558,5.144056750097249e-6,0.004169773231900261,0.004524247966072776,1,Q1 · Muy bajo
337,05803,Olmué,Valparaíso,20353,0.2200637401625124,0.218679720573939,0.05609334609163137,2.7560234899833624e-6,0.0022766034258033755,0.002265741348679411,1,Q1 · Muy bajo
338,06205,Navidad,O'Higgins,7161,0.2144189211910467,0.3109211414963705,0.01524316938575373,2.1286369760862632e-6,0.001750243322814301,0.0018824378368815602,1,Q1 · Muy bajo
339,04305,Río Hurtado,Coquimbo,4306,0.2374698976318793,0.2196887052598486,0.0045982957529471,1.0678810387708083e-6,8.947385423794867e-4,8.786714388298108e-4,1,Q1 · Muy bajo
340,16305,San Nicolás,Ñuble,12524,0.2179653456674178,0.1481187489347932,0.0018103526586405875,1.4455067539448958e-7,1.1920735273762985e-4,1.1196205308841422e-4,1,Q1 · Muy bajo
341,05104,Juan Fernández,Valparaíso,1111,0.2369344802759314,0.00253331023145656,0,0,0,0,1,Q1 · Muy bajo
341,11302,O’higgins,Aysén,677,0.1068870585497415,0.0651965040250778,0,0,0,0,1,Q1 · Muy bajo
341,12102,Laguna Blanca,Magallanes,247,0.08013916808703159,0.3377133546102933,0,0,0,0,1,Q1 · Muy bajo
341,13504,María Pinto,Metropolitana,15730,0.1826580497820892,0.2497171308117227,0,0,0,0,1,Q1 · Muy bajo
341,15202,General Lagos,Arica y Parinacota,660,0.396698025795927,0.2421277927898039,0,0,0,0,1,Q1 · Muy bajo
