ranking_v2,codigo_comuna,nombre_comuna,region,poblacion,tasa_pobreza_ing,tasa_pobreza_mult,expo_promedio_hab,cai_v2,cai_v2_mult,quintil_v2,quintil_v2_label
1,10107,Llanquihue,Los Lagos,18880,0.1268444594041169,0.1645141428671159,0.008523545791848473,100,100,5,Q5 · Muy alto
2,02102,Mejillones,Antofagasta,15950,0.140420258758358,0.2870207002826101,0.00753067415480858,97.42709463899098,99.45565766429975,5,Q5 · Muy alto
3,02201,Calama,Antofagasta,196282,0.1722528990002982,0.2041430849533258,0.005249349452551076,89.78880350423913,89.72280369308723,5,Q5 · Muy alto
4,05105,Puchuncaví,Valparaíso,21325,0.1406234709854404,0.2537835727894447,0.003433759741639979,79.52714923601438,81.05130249539124,5,Q5 · Muy alto
5,03304,Huasco,Atacama,11611,0.236585617375299,0.2220797537641351,0.0028656311616559235,77.27247219830895,76.42859460435461,5,Q5 · Muy alto
6,05702,Catemu,Valparaíso,15765,0.1769920706589737,0.2160043978356258,0.0023983415159752734,72.18161120805809,72.36084770650629,5,Q5 · Muy alto
7,05502,Calera,Valparaíso,53921,0.2006083264641605,0.1772545638439708,0.001752842970283806,65.68643519595572,64.76542663924349,5,Q5 · Muy alto
8,09202,Collipulli,La Araucanía,26591,0.3071311994782994,0.1408582363911995,0.0015047903562098665,64.20683147632401,60.78755096743118,5,Q5 · Muy alto
9,09103,Cunco,La Araucanía,18073,0.3297412598351657,0.1769066890538165,0.0011183466742312048,58.15614665146414,55.13869267090866,5,Q5 · Muy alto
10,02301,Tocopilla,Antofagasta,28350,0.2167313488031379,0.2180353160636643,8.00622691802679e-4,49.2786887817149,48.93024481243373,5,Q5 · Muy alto
11,08102,Coronel,Biobío,129209,0.2130078108708781,0.184671927191228,6.252922146533201e-4,44.22836471141339,43.43167069878949,5,Q5 · Muy alto
12,12302,Primavera,Magallanes,672,0.03488479479632718,0.1089737723993703,5.65374156664277e-4,39.18803244191257,40.204729155853514,5,Q5 · Muy alto
13,05103,Concón,Valparaíso,48392,0.1144885928028133,0.09470274680613502,4.7563510278654785e-4,37.33123982411963,36.720245693137535,5,Q5 · Muy alto
14,16206,Ránquil,Ñuble,6292,0.2620235196044827,0.2220317993276604,3.895263498220926e-4,35.93783297754865,35.08389053226765,5,Q5 · Muy alto
15,08112,Hualpén,Biobío,98086,0.176411561364126,0.1299672165157391,3.8829549197307305e-4,34.60259635200805,33.624747595986484,5,Q5 · Muy alto
16,04301,Ovalle,Coquimbo,124616,0.2345246237825721,0.1789555171009066,3.411989101145996e-4,33.153522933072686,32.09986014459789,5,Q5 · Muy alto
17,01404,Huara,Tarapacá,3111,0.3987214229253472,0.3456864073776927,2.504210012980676e-4,29.963721952762345,29.09469958660993,5,Q5 · Muy alto
18,10202,Ancud,Los Lagos,42510,0.180995307942176,0.14729109666673,2.4648250580194933e-4,26.923186115770683,26.263934292567708,5,Q5 · Muy alto
19,08202,Arauco,Biobío,38962,0.2299293263951287,0.215970926082729,2.195684203742228e-4,25.738913624762723,25.369234305605918,5,Q5 · Muy alto
20,08304,Laja,Biobío,23924,0.2255334548600086,0.1517227442466477,2.1949905854309123e-4,25.67819996414874,24.53525033252256,5,Q5 · Muy alto
21,16301,San Carlos,Ñuble,57133,0.300434783539184,0.1721245540499649,2.0038211654911195e-4,25.185657322428014,23.43639797599955,5,Q5 · Muy alto
22,08110,Talcahuano,Biobío,158065,0.1743731561839394,0.13553487875395,2.0834866009663522e-4,24.22587525225636,23.543751731841567,5,Q5 · Muy alto
23,09101,Temuco,La Araucanía,310144,0.2415879207985178,0.1301289421393088,1.7315845475240904e-4,22.32137991546509,20.83657488085245,5,Q5 · Muy alto
24,13604,Padre Hurtado,Metropolitana,82494,0.1500744020171592,0.1789436655496355,1.8096801165062734e-4,21.857959366123286,22.04459353971221,5,Q5 · Muy alto
25,10103,Cochamó,Los Lagos,3932,0.2246817217249981,0.1587305473843305,1.4657269277457502e-4,19.820033684144093,18.94606254851663,5,Q5 · Muy alto
26,01101,Iquique,Tarapacá,232455,0.1617454423432433,0.1854500063433278,1.4910391783665467e-4,19.347730187668596,19.467175985811892,5,Q5 · Muy alto
27,07102,Constitución,Maule,50625,0.2206082966315512,0.1712301653765076,1.3709627457502707e-4,18.8969753152964,18.229007937650387,5,Q5 · Muy alto
28,08306,Nacimiento,Biobío,28030,0.2000542709784388,0.2219655458674807,1.379940849643819e-4,18.76186514610367,18.853361867317016,5,Q5 · Muy alto
29,10403,Hualaihué,Los Lagos,9590,0.2452431864765493,0.2045766435105611,1.212934282639045e-4,17.599807547935768,17.063473279513943,5,Q5 · Muy alto
30,11101,Coyhaique,Aysén,62099,0.1369448823682037,0.1163017077752303,1.2846612907407964e-4,17.1886250856595,16.83923220883642,5,Q5 · Muy alto
31,10102,Calbuco,Los Lagos,37686,0.1925725243607721,0.2274313384843153,1.1370137064187844e-4,16.300654326398067,16.51602201552414,5,Q5 · Muy alto
32,11203,Guaitecas,Aysén,1612,0.1816366655973875,0.204054126013951,1.0510522536866954e-4,15.292876277281593,15.388253729143553,5,Q5 · Muy alto
33,16101,Chillán,Ñuble,204572,0.1972973315601556,0.1405606054131673,1.0347458396032326e-4,15.265187577402848,14.617453500099737,5,Q5 · Muy alto
34,13114,Las Condes,Metropolitana,344516,0.02774396990599451,0.04902937268873177,1.1867659152491541e-4,15.09083488837283,15.204768363088755,5,Q5 · Muy alto
35,05107,Quintero,Valparaíso,38842,0.1993660186128678,0.2170195527619963,1.0086341483800482e-4,14.999815169158108,15.04820431644489,5,Q5 · Muy alto
36,09108,Lautaro,La Araucanía,41973,0.2733127880260036,0.158782485090739,9.496807851105492e-5,14.995416467606113,13.873450090964454,5,Q5 · Muy alto
37,13102,Cerrillos,Metropolitana,90197,0.1756994689564681,0.2169848063164608,9.448210994577572e-5,14.077197052453197,14.336935679820549,5,Q5 · Muy alto
38,09114,Pitrufquén,La Araucanía,26653,0.2844980320426931,0.1373583847979025,8.579732035515928e-5,13.993679898020147,12.659954025764915,5,Q5 · Muy alto
39,07304,Molina,Maule,52306,0.2204387677629356,0.1203795734780285,8.655509111553252e-5,13.552978696452662,12.599131808805973,5,Q5 · Muy alto
40,13107,Huechuraba,Metropolitana,118805,0.1115309610278001,0.2291974006121766,9.364520906490584e-5,13.402067005222323,14.348568049318681,5,Q5 · Muy alto
41,13125,Quilicura,Metropolitana,277388,0.137324916463244,0.1985776793771434,8.954515716475735e-5,13.180860857157583,13.613972325087921,5,Q5 · Muy alto
42,07308,Teno,Maule,31984,0.2065711542081578,0.1502762040260409,8.432446926049724e-5,13.171121874476308,12.601323731049051,5,Q5 · Muy alto
43,13118,Macul,Metropolitana,138598,0.1354839723510347,0.1063307162434714,8.945941058177765e-5,13.15491733397279,12.79840517839988,5,Q5 · Muy alto
44,01401,Pozo Almonte,Tarapacá,18811,0.2109652735213383,0.193845100348277,8.272390543877748e-5,13.01551608069406,12.77731670895588,5,Q5 · Muy alto
45,07109,San Clemente,Maule,48176,0.2316813340770903,0.1450487945635699,7.791837239662802e-5,12.59292298560025,11.808749509288553,5,Q5 · Muy alto
46,13128,Renca,Metropolitana,163158,0.1874572117234973,0.2785709532860615,7.649327717978404e-5,12.0659678142035,12.681910059645782,5,Q5 · Muy alto
47,08106,Lota,Biobío,45369,0.1726001619135373,0.1882645329478347,7.685833091833905e-5,11.992373058276785,12.026267858877887,5,Q5 · Muy alto
48,13130,San Miguel,Metropolitana,146622,0.1044493137225644,0.09882653482438546,8.118654159764709e-5,11.944702660877637,11.807669859613446,5,Q5 · Muy alto
49,13113,La Reina,Metropolitana,99001,0.05925841165509132,0.06315765769981024,8.417014461891816e-5,11.89162497142356,11.836293008098435,5,Q5 · Muy alto
50,11401,Chile Chico,Aysén,5159,0.1802335972699297,0.1477897278877454,7.544333977919538e-5,11.879377266349572,11.534720004340473,5,Q5 · Muy alto
51,02103,Sierra Gorda,Antofagasta,1807,0.1419055250142624,0.1654250763862726,7.59979669603212e-5,11.642056482176296,11.741212056964049,5,Q5 · Muy alto
52,16102,Bulnes,Ñuble,22755,0.2396052239377107,0.1608095488771132,6.923029144139052e-5,11.539981918814835,10.871663701334297,5,Q5 · Muy alto
53,07101,Talca,Maule,242818,0.2437553247364397,0.1235836687742039,6.69185223642638e-5,11.263800031390979,10.306115685660588,5,Q5 · Muy alto
54,13132,Vitacura,Metropolitana,96890,0.008106848721252889,0.02096104787249439,8.149047458207218e-5,11.147661428670522,11.175795811167946,5,Q5 · Muy alto
55,13119,Maipú,Metropolitana,586963,0.1203845683856568,0.1697889108944236,7.267361421707187e-5,11.068910150450906,11.368314764995006,5,Q5 · Muy alto
56,13502,Alhué,Metropolitana,7892,0.2320551938381482,0.2024211002993685,6.494608712258448e-5,10.916293031605868,10.625198303042126,5,Q5 · Muy alto
57,10303,Purranque,Los Lagos,20953,0.171962254617738,0.1736826212222157,6.34568336034681e-5,10.292597955025213,10.227387649473759,5,Q5 · Muy alto
58,13124,Pudahuel,Metropolitana,262158,0.1543926454573937,0.22443644434968,6.319554140547138e-5,10.133526684161092,10.547193801419017,5,Q5 · Muy alto
59,07105,Maule,Maule,69826,0.2434464933137382,0.1271739219563442,5.802548118709826e-5,10.043108789937476,9.197554842905324,5,Q5 · Muy alto
60,13123,Providencia,Metropolitana,164397,0.01186509072138874,0.01768920959237288,7.068673747916779e-5,9.972174659888331,9.943562355585659,5,Q5 · Muy alto
61,14101,Valdivia,Los Ríos,182507,0.177680689235245,0.1149311712618318,5.553886584609515e-5,9.267445278112591,8.789767824593955,5,Q5 · Muy alto
62,13108,Independencia,Metropolitana,154336,0.1167807676260663,0.1871986850805015,5.8153634026470374e-5,9.213334695302933,9.615654675115376,5,Q5 · Muy alto
63,14102,Corral,Los Ríos,5417,0.2528838435489524,0.1678043739877625,4.857698814477738e-5,8.729726428151714,8.168015494358363,5,Q5 · Muy alto
64,13101,Santiago,Metropolitana,547366,0.1017250883364201,0.1787197204587609,5.3833781533344366e-5,8.543349460264983,8.970137406922936,5,Q5 · Muy alto
65,13106,Estación Central,Metropolitana,222640,0.1553882376639701,0.2297413163410227,5.020430945979528e-5,8.385455741928524,8.768058594522817,5,Q5 · Muy alto
66,08305,Mulchén,Biobío,31115,0.2450171305311774,0.2096502757975473,4.586945820932058e-5,8.276241416122046,8.01677241715686,5,Q5 · Muy alto
67,07401,Linares,Maule,104212,0.2912733370679468,0.1197264531589338,4.256316317636092e-5,8.01272792225614,7.040578159162947,5,Q5 · Muy alto
68,10109,Puerto Varas,Los Lagos,51566,0.103659412439827,0.08944744539573303,4.9790464919474144e-5,8.011621945473095,7.864597822981315,5,Q5 · Muy alto
69,05704,Panquehue,Valparaíso,7868,0.1528452562851857,0.1982460757831184,4.6438789921956064e-5,7.836352398175909,8.036194751008729,5,Q5 · Muy alto
70,13505,San Pedro,Metropolitana,12600,0.2221975041400538,0.2980498044573242,4.247574285396403e-5,7.633682326031929,7.973941328183536,4,Q4 · Alto
71,05504,La Cruz,Valparaíso,28149,0.1533365588939569,0.09707698422280568,4.5001260524850565e-5,7.632158703869952,7.257488762535337,4,Q4 · Alto
72,13127,Recoleta,Metropolitana,197221,0.145440047092941,0.2582226670999557,4.48004835242566e-5,7.5586270701519505,8.124361779715132,4,Q4 · Alto
73,13303,Tiltil,Metropolitana,22546,0.1373041147879481,0.2126204141339017,4.365861307275889e-5,7.348422497846817,7.703883934624076,4,Q4 · Alto
74,05703,Llaillay,Valparaíso,27350,0.1698332491751251,0.2204592164647058,4.184114912254743e-5,7.2586218285751345,7.470489009245819,4,Q4 · Alto
75,06110,Mostazal,O'Higgins,28659,0.1664066981664609,0.1791075886536986,4.144275536590972e-5,7.1809956631789,7.193747871085913,4,Q4 · Alto
76,14201,La Unión,Los Ríos,39711,0.2200738927946698,0.1339985317513124,3.880940473497482e-5,7.0542139149994565,6.570972326030681,4,Q4 · Alto
77,13115,Lo Barnechea,Metropolitana,131555,0.02750346612936718,0.1174836531953549,4.463405056758647e-5,6.862020941751644,7.321507160042987,4,Q4 · Alto
78,13116,Lo Espejo,Metropolitana,100311,0.2201080564700479,0.3451916824952531,3.488362468588032e-5,6.430278386770216,6.946893766144383,4,Q4 · Alto
79,11201,Aysén,Aysén,25173,0.1356250934421611,0.1221246231468676,3.6639530880715046e-5,6.304086960722885,6.1914480242357,4,Q4 · Alto
80,13111,La Granja,Metropolitana,118915,0.1880928287915723,0.2981144507921698,3.4848927801391924e-5,6.276851834548747,6.73007304068055,4,Q4 · Alto
81,10101,Puerto Montt,Los Lagos,281914,0.1472078802815504,0.1614902106530346,3.60206402633998e-5,6.266135717705902,6.286858291941304,4,Q4 · Alto
82,13129,San Joaquín,Metropolitana,102988,0.1455549157297469,0.2104277049073341,3.583800714857697e-5,6.230367193754614,6.488864736837382,4,Q4 · Alto
83,13104,Conchalí,Metropolitana,136237,0.1577300105296275,0.2384719554015123,3.545612156377549e-5,6.2295961043966885,6.5581775948813705,4,Q4 · Alto
84,10301,Osorno,Los Lagos,176533,0.1704946686396699,0.1560040179327543,3.408087760236641e-5,6.07496083734204,5.963504864999039,4,Q4 · Alto
85,09205,Lonquimay,La Araucanía,11114,0.4025330409472468,0.2320087317063894,2.7977756614491217e-5,5.987408821309482,5.296229294888943,4,Q4 · Alto
86,10307,San Pablo,Los Lagos,10537,0.2098737547746481,0.1556661071552878,3.207088275032061e-5,5.928385069215097,5.649861237473132,4,Q4 · Alto
87,09112,Padre Las Casas,La Araucanía,85670,0.2950582394643271,0.2378897774308956,2.9910611110290637e-5,5.919513939694113,5.644829622545345,4,Q4 · Alto
88,13201,Puente Alto,Metropolitana,669122,0.1382640140293102,0.2210922028637681,3.400975153781987e-5,5.916286822893865,6.246213163298827,4,Q4 · Alto
89,05503,Hijuelas,Valparaíso,19503,0.1979639969435748,0.2129440408415869,3.169467487106302e-5,5.815769625620993,5.835872317833731,4,Q4 · Alto
90,13126,Quinta Normal,Metropolitana,142124,0.1240671036585016,0.1954145160343668,3.351169513817777e-5,5.77510351074749,6.051779655944679,4,Q4 · Alto
91,13120,Ñuñoa,Metropolitana,268328,0.05707169547006522,0.04204902434108525,3.525757318371386e-5,5.720767340239057,5.606112173151941,4,Q4 · Alto
92,12201,Cabo De Hornos,Magallanes,1964,0.08984459305703967,0.001372285344752708,3.393295110512132e-5,5.681509662815186,5.228921964970491,4,Q4 · Alto
93,16109,Yungay,Ñuble,18850,0.2565048384481741,0.1866605477251846,2.937823498931522e-5,5.6722695900733555,5.350166700481729,4,Q4 · Alto
94,08101,Concepción,Biobío,239746,0.1537928184637272,0.09030256964883118,3.137821571385449e-5,5.5752230314652245,5.2608903303376895,4,Q4 · Alto
95,13109,La Cisterna,Metropolitana,101377,0.1220651919220728,0.145045728282446,3.1484563949323755e-5,5.454885592252669,5.512565302271903,4,Q4 · Alto
96,12402,Torres Del Paine,Magallanes,1081,0.1036204270624883,0.07382828515620045,3.181710096523909e-5,5.425438299856391,5.254610297121508,4,Q4 · Alto
97,06115,Rengo,O'Higgins,65973,0.1965043915752637,0.170158589916211,2.8442374701094293e-5,5.27571020956204,5.132650250570637,4,Q4 · Alto
98,04304,Punitaqui,Coquimbo,12544,0.256367362631752,0.2562248437736546,2.6409778252107572e-5,5.157326754811378,5.118056528144933,4,Q4 · Alto
99,13103,Cerro Navia,Metropolitana,139237,0.189546282510298,0.3591064921894949,2.697067013662769e-5,5.003764956104883,5.594710633423875,4,Q4 · Alto
100,12101,Punta Arenas,Magallanes,145984,0.09797105145314812,0.06293105140016499,2.838919767614722e-5,4.875339333466648,4.698930235498822,4,Q4 · Alto
101,11202,Cisnes,Aysén,5876,0.1654267670971914,0.1087832075326994,2.5441655959652616e-5,4.659776521306588,4.420103214818836,4,Q4 · Alto
102,16104,El Carmen,Ñuble,12184,0.2969180323133974,0.2111017148471822,2.2054116063972922e-5,4.509995483107821,4.205210109071649,4,Q4 · Alto
103,06306,Palmilla,O'Higgins,13626,0.1750081108056593,0.2022817431970463,2.382225386133119e-5,4.422220052867384,4.481613518395499,4,Q4 · Alto
104,13121,Pedro Aguirre Cerda,Metropolitana,104033,0.2059341897460699,0.2705211173840512,2.2513655301197372e-5,4.3008171621109925,4.476350918570231,4,Q4 · Alto
105,08109,Santa Juana,Biobío,14898,0.2420446279966655,0.2259305784698543,2.144860441526265e-5,4.226938267517989,4.145342623688101,4,Q4 · Alto
106,13302,Lampa,Metropolitana,144502,0.1581597382671195,0.257278931819699,2.29777354259119e-5,4.222840063491798,4.5169206567074545,4,Q4 · Alto
107,02101,Antofagasta,Antofagasta,445152,0.1565889819969566,0.153807957940144,2.276168745911681e-5,4.181293070461055,4.140739759395614,4,Q4 · Alto
108,13401,San Bernardo,Metropolitana,349722,0.1779855706321653,0.2536823887729731,2.2254472506112705e-5,4.165223818209277,4.375948960438616,4,Q4 · Alto
109,04203,Los Vilos,Coquimbo,24500,0.2591834293315569,0.2159728533471623,1.9506086589756235e-5,3.9233381632801465,3.770537244867403,4,Q4 · Alto
110,13404,Paine,Metropolitana,88781,0.1578649741183103,0.2015577580398612,2.0990527938380405e-5,3.8854408832238905,3.98991155132945,4,Q4 · Alto
111,05109,Viña Del Mar,Valparaíso,372180,0.1486742881818571,0.1323985643360141,2.085778702119917e-5,3.8345198551700963,3.7559292124307904,4,Q4 · Alto
112,10205,Dalcahue,Los Lagos,15489,0.1956182969343237,0.1839195805315779,1.950775280720286e-5,3.7406148592203348,3.6789215756588813,4,Q4 · Alto
113,07306,Romeral,Maule,17008,0.2048491635117429,0.08736343982421518,1.9138812952645904e-5,3.7013953643045032,3.3399414165699866,4,Q4 · Alto
114,10206,Puqueldón,Los Lagos,4182,0.2131410408633067,0.2010478279011423,1.8925756116617935e-5,3.686581182471747,3.625118897101873,4,Q4 · Alto
115,11301,Cochrane,Aysén,3748,0.1351252956966282,0.09884225412752941,2.0082077710042033e-5,3.6622191394043044,3.526930240554262,4,Q4 · Alto
116,07108,Río Claro,Maule,15172,0.2024507250977597,0.1646475654738993,1.7966666599335545e-5,3.484365332722014,3.3569715412727064,4,Q4 · Alto
117,16103,Chillán Viejo,Ñuble,35743,0.2383745770730631,0.1427472279246055,1.6680512972763018e-5,3.34200535220303,3.077020466230096,4,Q4 · Alto
118,09109,Loncoche,La Araucanía,24773,0.3024881795242013,0.1543255882937778,1.5394460781904506e-5,3.250536573815403,2.8809835216884907,4,Q4 · Alto
119,05402,Cabildo,Valparaíso,20763,0.1975870252227641,0.1661597520570862,1.6597154241335823e-5,3.2241045075629766,3.1213175647485976,4,Q4 · Alto
120,06109,Malloa,O'Higgins,14315,0.1839079982166439,0.2217739538875597,1.6694610767002267e-5,3.207182764739794,3.278012928511519,4,Q4 · Alto
121,14104,Los Lagos,Los Ríos,20517,0.2352002507239358,0.1915107662608012,1.5838186648707205e-5,3.1766053775337406,3.048245441006864,4,Q4 · Alto
122,05506,Nogales,Valparaíso,23651,0.2025997037150251,0.2021526050054111,1.5949417625974045e-5,3.1184555527244964,3.093948104087724,4,Q4 · Alto
123,16105,Pemuco,Ñuble,8580,0.2479150524132267,0.211524730473881,1.5276523357789497e-5,3.1006485719770245,2.993166552454897,4,Q4 · Alto
124,05701,San Felipe,Valparaíso,87137,0.2030482087829872,0.1613884462813061,1.5683765234543753e-5,3.0708573908467507,2.9486814080044357,4,Q4 · Alto
125,07408,Yerbas Buenas,Maule,19856,0.2459940585082941,0.1787979739924485,1.5066936212942404e-5,3.0563635354165406,2.879558688108575,4,Q4 · Alto
126,09105,Freire,La Araucanía,25477,0.3141940428807747,0.1896693938001924,1.4159537074842664e-5,3.0311820696511984,2.739530837657311,4,Q4 · Alto
127,12301,Porvenir,Magallanes,7660,0.07136708204271391,0.09910845178527851,1.733643041854739e-5,3.025880986001581,3.075963398627187,4,Q4 · Alto
128,09203,Curacautín,La Araucanía,18205,0.2878953380990852,0.122957655478444,1.4323270468581224e-5,3.006497578016974,2.6225525890496426,4,Q4 · Alto
129,08108,San Pedro De La Paz,Biobío,154158,0.1669004513437169,0.1305887605939359,1.5336487675674214e-5,2.9221291623056347,2.815191596954189,4,Q4 · Alto
130,13131,San Ramón,Metropolitana,83351,0.1973126866085688,0.3038576355396603,1.4746752034080895e-5,2.885315297498977,3.1021082044522648,4,Q4 · Alto
131,07301,Curicó,Maule,172304,0.2055122715309483,0.1173234680582513,1.4020477701064603e-5,2.769029317554359,2.5578676190555694,4,Q4 · Alto
132,08301,Los Ángeles,Biobío,224170,0.1934222911128374,0.1534716897968827,1.3969907856857363e-5,2.733492769593673,2.6270947060335037,4,Q4 · Alto
133,13122,Peñalolén,Metropolitana,273246,0.1303055976904234,0.2291968905729081,1.456880544925934e-5,2.7017851124638943,2.9019675794931663,4,Q4 · Alto
134,04106,Vicuña,Coquimbo,30614,0.2639153677883109,0.1537605814767299,1.294469410118747e-5,2.685325043023805,2.4446906411642617,4,Q4 · Alto
135,14103,Lanco,Los Ríos,18095,0.2918303734229072,0.1479057874576952,1.2260978123240285e-5,2.604270411417445,2.3106079618852897,4,Q4 · Alto
136,08111,Tomé,Biobío,59176,0.2119395885617928,0.1613397880840772,1.248400556197199e-5,2.4936656052079558,2.376719543435645,4,Q4 · Alto
137,13112,La Pintana,Metropolitana,188869,0.2330084331675115,0.368548753433313,1.2249612348442334e-5,2.4896032989409274,2.7271072942438006,4,Q4 · Alto
138,06301,San Fernando,O'Higgins,81345,0.1983228907365896,0.1542584548870295,1.2335324733123093e-5,2.4391786978011805,2.3361724054217117,4,Q4 · Alto
139,16207,Treguaco,Ñuble,5776,0.2299416444619513,0.2175730707444952,1.1810408764889914e-5,2.3990979186758503,2.3583062411338465,3,Q3 · Medio
140,10208,Quellón,Los Lagos,30188,0.1695372990406364,0.1833840061815613,1.2347925825793262e-5,2.3857918202310135,2.3944999882531186,3,Q3 · Medio
141,13117,Lo Prado,Metropolitana,101727,0.1630161746443841,0.252068489026623,1.2068671818187654e-5,2.32205589540572,2.471972865608286,3,Q3 · Medio
142,05101,Valparaíso,Valparaíso,321054,0.2040632246175761,0.2137575351641915,1.1236315223999239e-5,2.24210844306965,2.2423388327262734,3,Q3 · Medio
143,14106,Mariquina,Los Ríos,24059,0.2613009448038708,0.1892790989314411,1.0522123948647863e-5,2.2013581558452615,2.065458504212162,3,Q3 · Medio
144,09115,Pucón,La Araucanía,30790,0.2175958935979205,0.08407975464908633,1.0870393459356675e-5,2.1956878429741105,1.949996472811855,3,Q3 · Medio
145,12401,Natales,Magallanes,24709,0.1211376583261176,0.03735314355311561,1.1744379201058201e-5,2.184811355717527,2.0131828596271926,3,Q3 · Medio
146,13605,Peñaflor,Metropolitana,107380,0.1570851927414515,0.1699825692168722,1.111225923986762e-5,2.1357769922565097,2.14229752927912,3,Q3 · Medio
147,06106,Graneros,O'Higgins,38341,0.1762395076736979,0.1632575628545896,1.0839605674854357e-5,2.11865002747456,2.0805357863995813,3,Q3 · Medio
148,13402,Buin,Metropolitana,118737,0.1646097619041381,0.178817933777569,1.085788776638471e-5,2.102001340586444,2.110534410759576,3,Q3 · Medio
149,10203,Chonchi,Los Lagos,16291,0.1510698524343995,0.1523496694440029,1.0891417739396176e-5,2.084760271628988,2.0712972149512563,3,Q3 · Medio
150,13301,Colina,Metropolitana,198872,0.1173723144434191,0.2752722908151962,1.0819045578882847e-5,2.0134021623283056,2.2672526138780533,3,Q3 · Medio
151,14108,Panguipulli,Los Ríos,36239,0.3230059444416392,0.1930029501981796,9.104463411556763e-6,2.00643714142659,1.803096346822517,3,Q3 · Medio
152,03103,Tierra Amarilla,Atacama,14434,0.2359000910757001,0.2956295181301105,9.626163471572368e-6,1.9827568975650485,2.0588568310328563,3,Q3 · Medio
153,06105,Doñihue,O'Higgins,23736,0.1570230242376426,0.21200131459506,9.963643292802324e-6,1.9237546056443877,1.9962231080365649,3,Q3 · Medio
154,09111,Nueva Imperial,La Araucanía,34173,0.3502508833881766,0.2091730488170644,8.43848870825357e-6,1.902266270851376,1.6977593431091411,3,Q3 · Medio
155,06308,Placilla,O'Higgins,9288,0.2045016945430706,0.2152515984612007,9.170196505583236e-6,1.846314894397097,1.8481613570651005,3,Q3 · Medio
156,10210,Quinchao,Los Lagos,8169,0.2009003638000701,0.1893062617426051,9.161988812730198e-6,1.8394222030118823,1.8086469981465985,3,Q3 · Medio
157,13105,El Bosque,Metropolitana,169555,0.200816224764685,0.2900684932151006,9.158231002086252e-6,1.8385728317428214,1.9548159537791492,3,Q3 · Medio
158,13110,La Florida,Metropolitana,407437,0.1188613856544326,0.1387546708622292,9.8140820719429e-6,1.8358790296747232,1.853219450934789,3,Q3 · Medio
159,15101,Arica,Arica y Parinacota,257875,0.2126821072769308,0.1869403084584447,8.974675805033236e-6,1.8202504180934023,1.7696535576516221,3,Q3 · Medio
160,08303,Cabrero,Biobío,31129,0.1986810697863266,0.2076041435562514,8.984438078340489e-6,1.8019088892164425,1.8011786325721073,3,Q3 · Medio
161,04101,La Serena,Coquimbo,269121,0.182351417440734,0.1319530161273525,9.094755937463764e-6,1.7992876089220446,1.7123935111184656,3,Q3 · Medio
162,05601,San Antonio,Valparaíso,98746,0.2002843559995245,0.1721699080957392,8.93311660568954e-6,1.7943081783672288,1.740642487086551,3,Q3 · Medio
163,08310,San Rosendo,Biobío,3548,0.2122235439272235,0.2074155612922957,8.844294900163127e-6,1.794144269362445,1.7738651586430665,3,Q3 · Medio
164,11102,Lago Verde,Aysén,909,0.1505748890487994,0.1571169849545843,9.217313502466058e-6,1.7754436600032604,1.7717495592361197,3,Q3 · Medio
165,10201,Castro,Los Lagos,48818,0.1678175674310783,0.1136733424645523,9.076350151838282e-6,1.77452666995918,1.6824319217963821,3,Q3 · Medio
166,05501,Quillota,Valparaíso,101254,0.1837548643286585,0.1504551228011536,8.814974645188535e-6,1.747951973263509,1.687752275364226,3,Q3 · Medio
167,06201,Pichilemu,O'Higgins,18894,0.1913626998734403,0.1496883907903766,8.592858375080206e-6,1.7160456616699102,1.6456416097455173,3,Q3 · Medio
168,04103,Andacollo,Coquimbo,11841,0.2322748501044695,0.2361288755948484,8.272097871495308e-6,1.7089800010095955,1.7012543452780007,3,Q3 · Medio
169,06116,Requínoa,O'Higgins,31848,0.1103639991614855,0.1419526568533559,9.0600197781568e-6,1.6873753553710389,1.72061361847032,3,Q3 · Medio
170,09201,Angol,La Araucanía,56845,0.2328580760640908,0.09599999206915752,8.095972121867016e-6,1.674631541472412,1.4833233173176574,3,Q3 · Medio
171,10304,Puyehue,Los Lagos,11824,0.1630369737376415,0.1664323106361023,8.442514027410082e-6,1.648351792181188,1.6405777795249583,3,Q3 · Medio
172,03102,Caldera,Atacama,19985,0.2210323068015918,0.2117407651668806,7.967374700059282e-6,1.6336731208351691,1.609479317135459,3,Q3 · Medio
173,14105,Máfil,Los Ríos,7377,0.2356813437577218,0.1650646733434584,7.730752877430308e-6,1.605163853200746,1.5049536891876898,3,Q3 · Medio
174,09119,Vilcún,La Araucanía,32948,0.3138039011207597,0.1693658857194964,7.025134366321126e-6,1.5526389850552167,1.376490289304748,3,Q3 · Medio
175,09107,Gorbea,La Araucanía,15060,0.3163945653322793,0.1645660634465355,6.9250591499024856e-06,1.5341533149430095,1.3520328549593494,3,Q3 · Medio
176,16305,San Nicolás,Ñuble,12524,0.2179653456674178,0.1481187489347932,7.41582050593948e-6,1.5204841735884571,1.4251269959997523,3,Q3 · Medio
177,10209,Quemchi,Los Lagos,8754,0.2066595929241966,0.2320992264570625,7.34180464054021e-6,1.4922476447449735,1.511262936014088,3,Q3 · Medio
178,10305,Río Negro,Los Lagos,14067,0.1810617933569842,0.1692345459467522,7.431020664942855e-6,1.4787716355121112,1.4534152625104892,3,Q3 · Medio
179,13602,El Monte,Metropolitana,42437,0.1970595524393886,0.2171549330778936,7.20349062655302e-6,1.4536990214977692,1.4662462627493866,3,Q3 · Medio
180,06112,Peumo,O'Higgins,15036,0.1648950172302811,0.1701036238078096,7.373645979464326e-6,1.448225760959702,1.4435752393271202,3,Q3 · Medio
181,06111,Olivar,O'Higgins,15053,0.1255265599009713,0.1637446403672838,7.2047810827701975e-6,1.3695660043650126,1.4040595945654124,3,Q3 · Medio
182,09209,Renaico,La Araucanía,11015,0.2310246649897232,0.1214789247025652,6.440535326068573e-6,1.339904359590784,1.2145447403363157,3,Q3 · Medio
183,13203,San José De Maipo,Metropolitana,19586,0.1414137284563619,0.1485088271059595,6.8594096440478e-6,1.3236334636367673,1.321625784448747,3,Q3 · Medio
184,10108,Maullín,Los Lagos,14724,0.2514929004781439,0.2710496195765761,6.191054148209208e-6,1.3102571148941566,1.3201654231932263,3,Q3 · Medio
185,05404,Petorca,Valparaíso,10635,0.2001817057530264,0.21769439943482571,6.376290323309227e-6,1.2945711453612276,1.3030748666361294,3,Q3 · Medio
186,07202,Chanco,Maule,9244,0.3212614732246281,0.2491930189601153,5.738269263773799e-6,1.2828922894638672,1.2055790391919383,3,Q3 · Medio
187,06303,Chimbarongo,O'Higgins,38497,0.2086206602244051,0.2018457290953156,6.238768909959941e-6,1.2760670565657182,1.2595697063805433,3,Q3 · Medio
188,02302,María Elena,Antofagasta,6484,0.1445653275307039,0.1475869116817403,6.528452627554116e-6,1.2648548602520493,1.2585770746124483,3,Q3 · Medio
189,04204,Salamanca,Coquimbo,29980,0.183018662563549,0.1460306595481619,6.289784440357469e-6,1.2596956905877548,1.2121464993458,3,Q3 · Medio
190,13601,Talagante,Metropolitana,85851,0.1789169043309905,0.2015868563677483,6.286625309758494e-6,1.2548295570811077,1.2687057342621677,3,Q3 · Medio
191,14204,Río Bueno,Los Ríos,32980,0.2386952265855025,0.1462276242366858,5.8827275677833405e-6,1.2342976441831117,1.1357811780623492,3,Q3 · Medio
192,04102,Coquimbo,Coquimbo,277430,0.1972895699503975,0.1867294521314982,5.944449987758889e-6,1.2062865060964365,1.1869295776465367,3,Q3 · Medio
193,10105,Frutillar,Los Lagos,20866,0.1166162421417313,0.1188094676103859,6.196227110448222e-6,1.1734879112365086,1.1669019267137772,3,Q3 · Medio
194,06108,Machalí,O'Higgins,65188,0.1260343669323784,0.1001144795417797,6.016937871201494e-6,1.1497339873920693,1.1154512587982184,3,Q3 · Medio
195,08308,Quilaco,Biobío,4180,0.2589639747910177,0.2187394007193396,5.16252020868199e-6,1.104012750291844,1.0614989111084558,3,Q3 · Medio
196,06202,La Estrella,O'Higgins,3095,0.1883612194118134,0.1877547399315969,5.44186685161833e-6,1.0986162261305539,1.0898182618932242,3,Q3 · Medio
197,06114,Quinta De Tilcoco,O'Higgins,14328,0.1845608599226625,0.2160303928885157,5.195295318281549e-6,1.046657015059031,1.065764646344145,3,Q3 · Medio
198,03202,Diego De Almagro,Atacama,13862,0.1243541287746523,0.1326966661987995,5.338748049203849e-6,1.0214464707608328,1.0211305283431211,3,Q3 · Medio
199,06101,Rancagua,O'Higgins,275236,0.1823593108778377,0.1900155009058686,4.959824612414493e-6,0.9984005996295777,0.9971794365929572,3,Q3 · Medio
200,08201,Lebu,Biobío,27147,0.2848580630408462,0.2323908402200185,4.534764892516631e-6,0.9921057194924968,0.9452524546887064,3,Q3 · Medio
201,13501,Melipilla,Metropolitana,149501,0.214079947698438,0.2410221017816633,4.779212220043747e-6,0.9880738463687904,1.0019480001916827,3,Q3 · Medio
202,07307,Sagrada Familia,Maule,19779,0.1932704204961036,0.126571655485347,4.761765761737342e-6,0.9680118428662997,0.908076138774853,3,Q3 · Medio
203,08307,Negrete,Biobío,10594,0.1738789930686657,0.182672497007204,4.742548374889651e-6,0.9488303293924804,0.9486131125240076,3,Q3 · Medio
204,07405,Retiro,Maule,21522,0.2697763272002528,0.1849859632183681,4.300681624825949e-6,0.9310742025614995,0.8635080471289552,3,Q3 · Medio
205,06310,Santa Cruz,O'Higgins,42722,0.1846919352869945,0.1660790810515873,4.607425135641339e-6,0.9306522792444347,0.9094292935157761,3,Q3 · Medio
206,05801,Quilpué,Valparaíso,174172,0.1761527479089154,0.09620323630342828,4.637478955955297e-6,0.929984394344437,0.8614076695510986,3,Q3 · Medio
207,13202,Pirque,Metropolitana,33270,0.1281832133886924,0.1745947776373347,4.7968954342122545e-6,0.9228616031492047,0.9528427870114843,3,Q3 · Medio
208,02203,San Pedro De Atacama,Antofagasta,11067,0.2097837486814921,0.167679004438092,4.344299554787598e-6,0.8967446189417617,0.859599187774997,2,Q2 · Bajo
209,08313,Yumbel,Biobío,22223,0.2375968095281588,0.1961901077508561,3.9251373154857716e-6,0.8300413993238445,0.7967111407675008,2,Q2 · Bajo
210,08103,Chiguayante,Biobío,92011,0.1653784774473413,0.08801608583554647,4.10648514473582e-6,0.8179303337873629,0.7587681539178024,2,Q2 · Bajo
211,10302,Puerto Octay,Los Lagos,9046,0.1308053113114402,0.2072067604694606,4.114424934623391e-6,0.7955824175743987,0.8419951801792325,2,Q2 · Bajo
212,06113,Pichidegua,O'Higgins,21106,0.1642902557963726,0.1906205886889961,3.8802237109826924e-6,0.7728914904010655,0.7841415884158036,2,Q2 · Bajo
213,16203,Coelemu,Ñuble,16909,0.2272874651166513,0.1769850267786018,3.599167851382878e-6,0.7559745166679972,0.7200154050669311,2,Q2 · Bajo
214,10401,Chaitén,Los Lagos,5083,0.1659821132342835,0.08849769530380662,3.6230594167702437e-6,0.7234857490062354,0.6710167554486489,2,Q2 · Bajo
215,09211,Victoria,La Araucanía,35545,0.2816313158915996,0.146620015204514,3.2200459531088524e-6,0.7070361978745305,0.6287958125810807,2,Q2 · Bajo
216,13403,Calera De Tango,Metropolitana,30445,0.1130642469149573,0.1951395896911963,3.681775661586219e-6,0.7021656321939442,0.7474567924321182,2,Q2 · Bajo
217,05102,Casablanca,Valparaíso,30672,0.1239716582408048,0.1716285061249607,3.596586863520522e-6,0.6927805456988706,0.7162826101091956,2,Q2 · Bajo
218,09120,Villarrica,La Araucanía,60815,0.238894756261344,0.1186897047811683,3.220165738342465e-6,0.6838268141678646,0.6137027147656111,2,Q2 · Bajo
219,07404,Parral,Maule,45668,0.2768564559178319,0.1353241926181908,2.926870713079583e-6,0.6411768084282305,0.5666779618027288,2,Q2 · Bajo
220,03101,Copiapó,Atacama,176447,0.1659736139833193,0.1809777577393109,3.167041801675701e-6,0.6336436933574707,0.6368652809703098,2,Q2 · Bajo
221,10402,Futaleufú,Los Lagos,2927,0.1731818068302612,0.05939741152238066,3.059662812233288e-6,0.6161759389342183,0.5529358064276485,2,Q2 · Bajo
222,05603,Cartagena,Valparaíso,27229,0.2806415179848599,0.2432581413571794,2.78694273906656e-6,0.6127084572197439,0.590577995758201,2,Q2 · Bajo
223,06102,Codegua,O'Higgins,14671,0.1387372381802792,0.1644525120690263,3.111515746482056e-6,0.6083237218886246,0.6172071732510163,2,Q2 · Bajo
224,01107,Alto Hospicio,Tarapacá,144554,0.268133526476005,0.2827076227426769,2.725083530313701e-6,0.5935024580605918,0.5957265103818666,2,Q2 · Bajo
225,01405,Pica,Tarapacá,6313,0.3136726423148132,0.1786886262832318,2.6072419165813083e-6,0.5882946020310278,0.5245534743110641,2,Q2 · Bajo
226,11402,Río Ibáñez,Aysén,2720,0.2212018003128643,0.1531839362885731,2.7906359247705123e-6,0.5853884476909356,0.5490108717287857,2,Q2 · Bajo
227,09113,Perquenco,La Araucanía,7272,0.3064914223398557,0.1895629317828136,2.54972846589e-6,0.5723684260377033,0.5177908075445325,2,Q2 · Bajo
228,16107,Quillón,Ñuble,19358,0.2656307696853841,0.2218473218107778,2.5613450208858086e-6,0.5571757513406256,0.5340780629138231,2,Q2 · Bajo
229,13603,Isla De Maipo,Metropolitana,42589,0.1618645393881093,0.2124837024242989,2.7771996018859338e-6,0.5546301441507758,0.5741502498676351,2,Q2 · Bajo
230,12104,San Gregorio,Magallanes,649,0.07232357291496598,0.1647053882183992,3.0074929611837627e-6,0.5543372804245515,0.5969644669102622,2,Q2 · Bajo
231,06305,Nancagua,O'Higgins,19779,0.166959959589194,0.1855364901195006,2.7457883523572185e-6,0.5508071913475739,0.555267528263872,2,Q2 · Bajo
232,15102,Camarones,Arica y Parinacota,1246,0.3113161709364637,0.1669482117081288,2.339302840734587e-6,0.5275788869889321,0.46654456006341516,2,Q2 · Bajo
233,08207,Tirúa,Biobío,11116,0.3563498148907595,0.3528932885633088,2.196453767150572e-6,0.5125400016557059,0.5074068139795488,2,Q2 · Bajo
234,13503,Curacaví,Metropolitana,38539,0.1963754560273244,0.2380859931306958,2.4224748199605967e-6,0.49875751457657236,0.5120788149934161,2,Q2 · Bajo
235,08107,Penco,Biobío,50214,0.1743910487223831,0.1690484767551391,2.3528019976781774e-6,0.4757465447901236,0.4700456815294761,2,Q2 · Bajo
236,08312,Tucapel,Biobío,15449,0.2214755001335468,0.1695428432224101,2.2447835846024444e-6,0.47213961530806,0.44886116711175145,2,Q2 · Bajo
237,05304,San Esteban,Valparaíso,21857,0.1506503705011363,0.1254840998767032,2.360924801237946e-6,0.46781816627281864,0.4542472247113956,2,Q2 · Bajo
238,05303,Rinconada,Valparaíso,12100,0.1818823672645462,0.1666511633605988,2.1821879139842287e-6,0.4443619852324424,0.43539280559056376,2,Q2 · Bajo
239,08314,Alto Biobío,Biobío,6798,0.4119382457273274,0.3548543361131946,1.8103684666310523e-6,0.4404430440112536,0.41961981442577123,2,Q2 · Bajo
240,07406,San Javier,Maule,51669,0.2583479575033079,0.1462984242371283,2.023470879569416e-6,0.4387534593541352,0.3970119901461153,2,Q2 · Bajo
241,06117,San Vicente,O'Higgins,52436,0.198869327840864,0.1642206739597857,2.0686117237177175e-6,0.4274440033265548,0.4120800489945013,2,Q2 · Bajo
242,09117,Teodoro Schmidt,La Araucanía,15742,0.4099763175311369,0.2450852179667049,1.7431981606698895e-6,0.42366466659793994,0.3717001628170428,2,Q2 · Bajo
243,07403,Longaví,Maule,33731,0.2649714955691264,0.1609238779165157,1.7256571787970319e-6,0.3766496937697133,0.3432986701893116,2,Q2 · Bajo
244,07305,Rauco,Maule,11811,0.2420275131299039,0.1181232308887555,1.7522756631775435e-6,0.375531553436318,0.3357967239948199,2,Q2 · Bajo
245,03201,Chañaral,Atacama,13000,0.2133116433289042,0.2100058011725207,1.769029303163583e-6,0.37039752473605164,0.36662083156142955,2,Q2 · Bajo
246,06107,Las Cabras,O'Higgins,27805,0.1881431561144725,0.2230748879600221,1.7885775422810495e-6,0.36675094847042194,0.37461087237062385,2,Q2 · Bajo
247,07107,Pencahue,Maule,8631,0.2493233417181683,0.1608918615709756,1.6918319853023507e-6,0.364791796359737,0.3366089968903104,2,Q2 · Bajo
248,05705,Putaendo,Valparaíso,18029,0.2246102784705906,0.1790743722515923,1.6983804192381602e-6,0.35900445503320333,0.34315582180462123,2,Q2 · Bajo
249,14202,Futrono,Los Ríos,15180,0.2103079225456956,0.1828516579547135,1.636036836602218e-6,0.3419127849912386,0.33170056260484593,2,Q2 · Bajo
250,16201,Quirihue,Ñuble,12251,0.2724630180111543,0.1731527029997954,1.5089748553475002e-6,0.33162670273815337,0.3036150462858055,2,Q2 · Bajo
251,09102,Carahue,La Araucanía,25512,0.4057772749679955,0.2385444001762288,1.3464684632789932e-6,0.32694798067787995,0.2861269729467246,2,Q2 · Bajo
252,14203,Lago Ranco,Los Ríos,10271,0.3023123562594887,0.1979516330902258,1.4074655722732701e-6,0.3166756657827441,0.28926680771678615,2,Q2 · Bajo
253,05301,Los Andes,Valparaíso,68956,0.1754251704550922,0.1262295390768164,1.4057146921496086e-06,0.28565587287136135,0.2717130697487998,2,Q2 · Bajo
254,06104,Coltauco,O'Higgins,22229,0.1838407155510563,0.1986888106697385,1.3813740677500742e-6,0.2827370812598009,0.2841107877904575,2,Q2 · Bajo
255,08203,Cañete,Biobío,37471,0.2915736717623414,0.2690877528397504,1.2512222950898269e-6,0.2794233854631712,0.2725241164390271,2,Q2 · Bajo
256,10207,Queilén,Los Lagos,5542,0.2264337451503691,0.2034660069501652,1.3160141318248094e-6,0.279072477751462,0.27181900393619035,2,Q2 · Bajo
257,06307,Peralillo,O'Higgins,12208,0.1876667348346442,0.2092442576837246,1.2947485744590517e-6,0.26595897252531625,0.2687286305142779,2,Q2 · Bajo
258,08311,Santa Bárbara,Biobío,14685,0.2351587388383243,0.1860397729604403,1.23623445250281e-6,0.2641043285918462,0.2517526216897229,2,Q2 · Bajo
259,09118,Toltén,La Araucanía,9916,0.3764538179133636,0.2007923425743483,1.0777830014748485e-6,0.25663418653680703,0.22235617655396434,2,Q2 · Bajo
260,07110,San Rafael,Maule,10444,0.2322833009847912,0.1669882202881502,1.2035668711622706e-6,0.2565682648363171,0.24121790324483644,2,Q2 · Bajo
261,09116,Saavedra,La Araucanía,12646,0.5020560353769538,0.2730568204205824,9.638374724333575e-7,0.25047758199255776,0.210867390951498,2,Q2 · Bajo
262,09210,Traiguén,La Araucanía,19237,0.3149821824980044,0.1359201851503116,1.0604778922070419e-6,0.24131582383468408,0.207034751574,2,Q2 · Bajo
263,05401,La Ligua,Valparaíso,38443,0.2102107665385966,0.2486369450293819,1.1386447956522579e-6,0.23847347612679595,0.24415728290039868,2,Q2 · Bajo
264,07201,Cauquenes,Maule,44443,0.2837947948264491,0.1525269503337642,1.0286404590120538e-6,0.22858209167432048,0.20376949125907934,2,Q2 · Bajo
265,05804,Villa Alemana,Valparaíso,148166,0.1565163299911436,0.1156442872529109,1.0884948743327201e-6,0.2179516760228118,0.20870376213446487,2,Q2 · Bajo
266,05403,Papudo,Valparaíso,6459,0.08908709603573331,0.2310441400866347,1.0937738586028016e-6,0.2062912762059975,0.23129549971116556,2,Q2 · Bajo
267,08206,Los Álamos,Biobío,22992,0.1951938976855341,0.1792285297610069,9.862426763488173e-7,0.20414224828622463,0.19991364523414018,2,Q2 · Bajo
268,16205,Portezuelo,Ñuble,4867,0.2435212683993394,0.1933058407983258,8.158886069725964e-7,0.1758161362721618,0.16747416287343417,2,Q2 · Bajo
269,09206,Los Sauces,La Araucanía,7470,0.2856372373075927,0.1686421343311611,7.459543334819684e-7,0.16622436506366692,0.15001091544953074,2,Q2 · Bajo
270,10404,Palena,Los Lagos,1829,0.1305384829585363,0.1113575135440814,8.291778428402262e-7,0.16249193309161572,0.15854424137344053,2,Q2 · Bajo
271,02104,Taltal,Antofagasta,13974,0.1746850746083982,0.1656117305894579,7.836572729929601e-7,0.15957818727247614,0.15716001561329523,2,Q2 · Bajo
272,06103,Coinco,O'Higgins,8043,0.1882891556102512,0.2315176557205145,7.668969144316863e-7,0.15797920589943568,0.16247618887452805,2,Q2 · Bajo
273,04201,Illapel,Coquimbo,33028,0.1938592793736562,0.1508265841417806,7.55421656045151e-7,0.1563502376799014,0.1496002262555848,2,Q2 · Bajo
274,10106,Los Muermos,Los Lagos,17833,0.2185020552828013,0.2440696511357392,6.970552951121017e-7,0.14727668029037144,0.14922732700134111,2,Q2 · Bajo
275,07103,Curepto,Maule,9112,0.3015639071303422,0.2459789233677934,6.399335247106159e-7,0.14443329935077387,0.1372443404191862,2,Q2 · Bajo
276,08105,Hualqui,Biobío,26783,0.227211443662968,0.1889532364453868,6.646372587941776e-7,0.14144866432490985,0.1360222051952745,2,Q2 · Bajo
277,05802,Limache,Valparaíso,51821,0.20349669869211,0.173329914219171,6.728142389619677e-7,0.1404249837278906,0.13588669721779564,1,Q1 · Muy bajo
278,09106,Galvarino,La Araucanía,12555,0.4266365889919933,0.2449014418760926,5.669596132478344e-7,0.14027207156529486,0.12152998195984895,1,Q1 · Muy bajo
279,04303,Monte Patria,Coquimbo,32670,0.2472273010964079,0.218217551327738,6.441848144777603e-7,0.13933830313672627,0.13508418025735766,1,Q1 · Muy bajo
280,06304,Lolol,O'Higgins,7468,0.2039992556813567,0.2521509416732087,6.53984377970242e-7,0.1365632562255649,0.14094129325634158,1,Q1 · Muy bajo
281,06204,Marchihue,O'Higgins,7717,0.1483542685451079,0.1544357726902174,6.480887797213798e-7,0.1290981994384198,0.1288048918073854,1,Q1 · Muy bajo
282,04202,Canela,Coquimbo,9498,0.2291452613055831,0.250416241616129,5.945607122089076e-7,0.12677419328737782,0.1279930860256876,1,Q1 · Muy bajo
283,09104,Curarrehue,La Araucanía,7882,0.2958817164247078,0.2072908479603288,5.593220673525164e-7,0.12573853546965835,0.11628385620011884,1,Q1 · Muy bajo
284,05604,El Quisco,Valparaíso,18931,0.1862823649138479,0.1453359379834151,6.096060348254017e-7,0.12545300599245443,0.12022388021309503,1,Q1 · Muy bajo
285,07303,Licantén,Maule,6982,0.2368939515712394,0.1316253963642471,5.773718642189345e-7,0.12389288069187397,0.11252244382445876,1,Q1 · Muy bajo
286,09110,Melipeuco,La Araucanía,6326,0.3266613416454278,0.1681796150709417,5.281528650426251e-7,0.12156251710648963,0.10626953551986976,1,Q1 · Muy bajo
287,10204,Curaco De Vélez,Los Lagos,4139,0.1772824372326581,0.1603443683453647,5.595580563202047e-7,0.11430713789662579,0.11182000207647097,1,Q1 · Muy bajo
288,08205,Curanilahue,Biobío,33949,0.1647502370493836,0.1564556998022378,5.556326313286606e-7,0.1123018100992027,0.11066620405603107,1,Q1 · Muy bajo
289,04104,La Higuera,Coquimbo,4537,0.3003310858787466,0.3568611193464397,4.950831368827501e-7,0.11171301352641752,0.11568172187338281,1,Q1 · Muy bajo
290,14107,Paillaco,Los Ríos,20955,0.2624743274735581,0.1540817762501128,5.094842068136988e-7,0.11161585096525188,0.10128696852786803,1,Q1 · Muy bajo
291,05606,Santo Domingo,Valparaíso,12673,0.1250206786376477,0.1140319428816871,5.583943310533818e-7,0.10901801966225544,0.10714451767339968,1,Q1 · Muy bajo
292,05302,Calle Larga,Valparaíso,17785,0.1794659144614539,0.128375928333142,5.284922636570477e-7,0.10817543681800235,0.10272242041049963,1,Q1 · Muy bajo
293,07407,Villa Alegre,Maule,18084,0.2446366755117756,0.1341938021785966,4.98558054068728e-7,0.10768804621307482,0.09741494617210097,1,Q1 · Muy bajo
294,03301,Vallenar,Atacama,57316,0.2060472436701399,0.2415637775460664,5.088681491555568e-7,0.10650983862109646,0.10881529329350903,1,Q1 · Muy bajo
295,03303,Freirina,Atacama,7853,0.22966103679366,0.2617377290258352,4.849701466105325e-7,0.10350195720044592,0.10539785974483926,1,Q1 · Muy bajo
296,04302,Combarbalá,Coquimbo,13839,0.2596858112285561,0.1829386662131013,4.5631822502588794e-7,0.09977297390834404,0.09300237205397505,1,Q1 · Muy bajo
297,05605,El Tabo,Valparaíso,15272,0.2100101213299589,0.145379131580328,4.6118418013373584e-7,0.09686643837657588,0.09101360299326372,1,Q1 · Muy bajo
298,05706,Santa María,Valparaíso,17024,0.148901469957542,0.1692712276757831,4.6634243217319014e-7,0.09301083505785479,0.09394535972604487,1,Q1 · Muy bajo
299,07302,Hualañé,Maule,10228,0.2521730334410651,0.1478153505325757,4.0958208633078764e-7,0.08904060240437706,0.08101946516546506,1,Q1 · Muy bajo
300,09207,Lumaco,La Araucanía,9898,0.3553630180902181,0.2571365623311568,3.680954582635298e-7,0.08662064422955078,0.07975009567744093,1,Q1 · Muy bajo
301,16302,Coihueco,Ñuble,29122,0.238669905485044,0.2204132673164531,3.9669941907043085e-7,0.08531680990157614,0.08343000370898306,1,Q1 · Muy bajo
302,07104,Empedrado,Maule,4168,0.2582660905233725,0.2205568710308885,3.7998714575034517e-7,0.08301952481503848,0.07993068369312635,1,Q1 · Muy bajo
303,08204,Contulmo,Biobío,6358,0.2477536497008266,0.257572027907628,3.7836676666774703e-7,0.08197669138626035,0.08199984772526561,1,Q1 · Muy bajo
304,10104,Fresia,Los Lagos,12555,0.2135248198835329,0.2058032101277295,3.717380878344609e-7,0.07833722068766827,0.07725475132703581,1,Q1 · Muy bajo
305,04105,Paiguano,Coquimbo,4715,0.2225248101314325,0.1967205624253779,3.565751604604223e-7,0.07570345869939869,0.07355128756059075,1,Q1 · Muy bajo
306,08302,Antuco,Biobío,4330,0.301381501598829,0.2004888778440763,3.251378214622677e-7,0.07348517369323176,0.06728694773225956,1,Q1 · Muy bajo
307,05201,Isla De Pascua,Valparaíso,8928,0.1796536732590112,0.07956481767619944,3.528297657002906e-7,0.07228671707188332,0.06566506023478115,1,Q1 · Muy bajo
308,05405,Zapallar,Valparaíso,8400,0.09439767222214022,0.2033406836285091,3.721413879925569e-7,0.07073532227413419,0.07718074560868421,1,Q1 · Muy bajo
309,09208,Purén,La Araucanía,12096,0.3589108197859409,0.1713467306514615,2.9092950970800106e-7,0.06866749168107109,0.0587568417625295,1,Q1 · Muy bajo
310,07402,Colbún,Maule,23560,0.2744078024656617,0.1578357036941471,3.0165430602835655e-7,0.0667740976526074,0.06021822638936545,1,Q1 · Muy bajo
311,16108,San Ignacio,Ñuble,16594,0.3503393118275493,0.2232607301284518,2.6800391564390447e-7,0.06286523067403797,0.056528345247340975,1,Q1 · Muy bajo
312,08104,Florida,Biobío,11876,0.2464202060732934,0.2631389698154798,2.519999242698992e-7,0.05457183408893636,0.05488744723624688,1,Q1 · Muy bajo
313,11303,Tortel,Aysén,582,0.2229229825363812,0.2329487343412439,2.5640831054675147e-7,0.054479826942013206,0.05451325491300878,1,Q1 · Muy bajo
314,06302,Chépica,O'Higgins,16177,0.2064485128914015,0.2318246508653113,2.598597266569621e-7,0.05446937378629943,0.05519585487035566,1,Q1 · Muy bajo
315,05602,Algarrobo,Valparaíso,16151,0.1301886025509092,0.1426239463756226,2.7696867346797133e-7,0.054385980567419924,0.05457056278345666,1,Q1 · Muy bajo
316,06206,Paredones,O'Higgins,6247,0.25025780013779,0.2480565610345994,2.2570783729355874e-7,0.049034461611081756,0.048580451135037304,1,Q1 · Muy bajo
317,09204,Ercilla,La Araucanía,8386,0.32331220375668,0.246497516002769,2.0941075232938445e-7,0.048153149356475265,0.04501988912990191,1,Q1 · Muy bajo
318,09121,Cholchol,La Araucanía,12673,0.4063102612600771,0.2478826029829596,1.8677676619197854e-7,0.04564474087936976,0.04020275188615729,1,Q1 · Muy bajo
319,16106,Pinto,Ñuble,12207,0.2941929187738907,0.2088814343500786,1.9473312248880876e-7,0.04379684176128464,0.04060494846455832,1,Q1 · Muy bajo
320,16202,Cobquecura,Ñuble,5225,0.2863184106922655,0.2641870119451519,1.4095320011099802e-7,0.031516766964786856,0.030742145713973136,1,Q1 · Muy bajo
321,07203,Pelluhue,Maule,8474,0.3084658993180948,0.161601493356878,1.3418732115014462e-7,0.030521185015012345,0.02689382912245717,1,Q1 · Muy bajo
322,12103,Río Verde,Magallanes,205,0.002690990514408119,0.1876888642507431,1.623758379132488e-7,0.028303272847561338,0.03326965536052792,1,Q1 · Muy bajo
323,10306,San Juan De La Costa,Los Lagos,7407,0.28895597161561293,0.3168389804318126,1.2360512115511348e-7,0.027696719477479297,0.02808290207655646,1,Q1 · Muy bajo
324,16303,Ñiquén,Ñuble,11529,0.2504080428369373,0.233380079627123,1.1223604764655355e-7,0.024398807372898523,0.02388589366965225,1,Q1 · Muy bajo
325,06203,Litueche,O'Higgins,6965,0.1805796377632771,0.1889854540786268,9.371132400049817e-8,0.01923622634746686,0.019227574043152867,1,Q1 · Muy bajo
326,05803,Olmué,Valparaíso,20353,0.2200637401625124,0.218679720573939,8.183321349679158e-8,0.01736049471587736,0.01721051946515253,1,Q1 · Muy bajo
327,06205,Navidad,O'Higgins,7161,0.2144189211910467,0.3109211414963705,6.452049802995473e-8,0.013625453395948202,0.01459733476058181,1,Q1 · Muy bajo
328,08309,Quilleco,Biobío,9987,0.1996825459407763,0.2078342573260323,5.653961178246098e-8,0.011795623873329282,0.01178652570171069,1,Q1 · Muy bajo
329,07106,Pelarco,Maule,9444,0.2266317905884566,0.1502183998308697,4.8347682522669715e-8,0.010313484546700051,0.00959847257505509,1,Q1 · Muy bajo
330,13504,María Pinto,Metropolitana,15730,0.1826580497820892,0.2497171308117227,4.574766278889598e-8,0.009409186184809903,0.00986788920106097,1,Q1 · Muy bajo
331,03302,Alto Del Carmen,Atacama,5784,0.2656929148407908,0.2292057657351869,3.8204004406377196e-8,0.008409506221138906,0.008105757855547109,1,Q1 · Muy bajo
332,07309,Vichuquén,Maule,4301,0.2346277842693554,0.2451292585303304,3.5224489421609245e-8,0.007563483880628397,0.0075704956468606414,1,Q1 · Muy bajo
333,16204,Ninhue,Ñuble,5352,0.2873502449851412,0.2343742076429187,2.968743219971182e-8,0.00664689803181268,0.006325521181342321,1,Q1 · Muy bajo
334,01403,Colchane,Tarapacá,1553,0.5098500419082236,0.324949208618464,2.270990774377101e-8,0.00596355466960914,0.005194001237778351,1,Q1 · Muy bajo
335,02202,Ollagüe,Antofagasta,266,0.09621418536012895,0.07271197298146943,1.3503440990193954e-8,0.002574704664420201,0.0025005772650528815,1,Q1 · Muy bajo
336,16304,San Fabián,Ñuble,4800,0.2768733363552066,0.1749537532048678,8.881784939555554e-9,0.001972609973430535,0.0018015249403718595,1,Q1 · Muy bajo
337,12303,Timaukel,Magallanes,261,0.04756557111052318,0.03565982321317278,9.390195252928215e-9,0.0017110055835476657,0.0016788510031006075,1,Q1 · Muy bajo
338,15201,Putre,Arica y Parinacota,2177,0.2990190001829216,0.1823027209199931,2.227697372827222e-9,5.033597899666505e-4,4.5469142176178464e-4,1,Q1 · Muy bajo
339,06309,Pumanque,O'Higgins,3518,0.1798318130867123,0.1614848829573551,2.299120417107018e-9,4.718336794194165e-4,4.610065541224004e-4,1,Q1 · Muy bajo
340,01402,Camiña,Tarapacá,1376,0.4365683545145625,0.3108446377578787,1.7849811208826116e-9,4.4603329586964804e-4,4.039403187404925e-4,1,Q1 · Muy bajo
341,04305,Río Hurtado,Coquimbo,4306,0.2374698976318793,0.2196887052598486,2.654644808780505e-10,5.714155298063467e-5,5.5897327006304525e-5,1,Q1 · Muy bajo
342,12102,Laguna Blanca,Magallanes,247,0.08013916808703159,0.3377133546102933,2.1378637938022957e-10,4.0167137263693755e-5,4.937177871933906e-5,1,Q1 · Muy bajo
343,05104,Juan Fernández,Valparaíso,1111,0.2369344802759314,0.00253331023145656,0,0,0,1,Q1 · Muy bajo
343,11302,O’higgins,Aysén,677,0.1068870585497415,0.0651965040250778,0,0,0,1,Q1 · Muy bajo
343,15202,General Lagos,Arica y Parinacota,660,0.396698025795927,0.2421277927898039,0,0,0,1,Q1 · Muy bajo
